locus_tag	abundance
YGR192C	25094
YKL060C	19206
YHR174W	18104
YCR012W	15158
YLR044C	13942
YAL038W	11980
YJL189W	11255
YOL086C	10644
YBR118W	9356
YDR050C	8656
YGR254W	8159
YLR109W	7796
YKL152C	7665
YPR080W	7552
YJR009C	7021
YLR075W	6078
YLR249W	5351
YLL024C	5290
YAL005C	5158
YML028W	4814
YJR123W	4616
YOL040C	4346
YLR355C	4279
YMR116C	4013
YPL061W	4010
YDR155C	3825
YNL178W	3780
YER091C	3649
YDR382W	3629
YOR063W	3624
YBR196C	3570
YOR096W	3569
YAL003W	3568
YNL209W	3489
YGL123W	3446
YLR167W	3407
YLL045C	3402
YOL127W	3391
YDL136W	3345
YGL103W	3321
YGL008C	3260
YBL092W	3235
YDR385W	3140
YJL052W	3117
YBR048W	3085
YLR340W	3074
YGL031C	3064
YDL191W	3044
YOR369C	3032
YDL229W	3029
YGR148C	2986
YKL006W	2942
YFL039C	2934
YHL015W	2916
YIL053W	2909
YML063W	2892
YLR029C	2886
YDL055C	2874
YHL033C	2858
YDL075W	2853
YPL131W	2818
YBR031W	2810
YGL147C	2807
YIL069C	2804
YOL039W	2763
YGL253W	2753
YJR104C	2743
YDL081C	2738
YHR203C	2708
YDR450W	2703
YGL135W	2655
YLR061W	2615
YER043C	2612
YDR471W	2586
YJL136C	2580
YGL076C	2544
YGR118W	2528
YMR186W	2489
YPL249C-A	2471
YGR027C	2455
YEL034W	2453
YBR189W	2453
YGR034W	2418
YNL069C	2365
YDR012W	2352
YLR333C	2344
YLR325C	2335
YML024W	2285
YDR025W	2277
YKL180W	2258
YDR226W	2252
YDR064W	2252
YPR132W	2236
YHR183W	2230
YFL014W	2224
YDR447C	2223
YDL061C	2210
YGL030W	2202
YER074W	2194
YJR145C	2192
YMR142C	2192
YLR441C	2133
YMR194W	2124
YBR011C	2121
YLR150W	2109
YHR010W	2088
YKR057W	2068
YNL302C	2059
YKL056C	2057
YBL087C	2053
YPL220W	2051
YPL106C	2048
YPL240C	2043
YER177W	2030
YDR418W	1995
YHL001W	1977
YBR009C	1971
YBL027W	1955
YBL002W	1949
YLR344W	1947
YKR094C	1933
YBL072C	1922
YBR084C-A	1918
YPL090C	1880
YJL177W	1872
YLR388W	1864
YNL067W	1858
YLR367W	1856
YIL148W	1845
YNL055C	1836
YOR167C	1833
YGR085C	1826
YBR181C	1820
YNL030W	1801
YOR375C	1795
YPL081W	1778
YPL198W	1749
YNL096C	1745
YML026C	1710
YNL301C	1696
YCR031C	1664
YLR048W	1663
YDL083C	1650
YER165W	1643
YHR193C	1642
YOL121C	1640
YDL130W	1635
YKL216W	1622
YLL050C	1617
YOL109W	1614
YOL120C	1612
YLR185W	1595
YGL009C	1594
YIL051C	1579
YML073C	1572
YPL143W	1544
YLR180W	1531
YKL081W	1528
YOR133W	1522
YPL079W	1515
YPL037C	1513
YLR406C	1511
YGR037C	1507
YPR035W	1505
YLR448W	1493
YLR264W	1461
YER070W	1446
YGR155W	1439
YFR031C-A	1436
YLR354C	1432
YJL191W	1431
YLR058C	1427
YHR021C	1416
YMR242C	1410
YDL185W	1402
YJR045C	1401
YGL189C	1399
YBR191W	1387
YDL082W	1386
YER102W	1382
YEL054C	1376
YJR139C	1373
YAL012W	1368
YBR010W	1365
YKL182W	1358
YPR074C	1358
YOR234C	1351
YLR043C	1343
YMR143W	1342
YER117W	1341
YNL031C	1335
YGR234W	1329
YGR240C	1312
YOR312C	1308
YEL026W	1302
YMR121C	1298
YOR293W	1297
YIL133C	1294
YER131W	1272
YIL018W	1253
YDR224C	1251
YLR259C	1246
YDR353W	1245
YDR099W	1230
YDR502C	1229
YBR127C	1229
YMR205C	1215
YNL064C	1211
YOL058W	1210
YGR209C	1208
YPL231W	1207
YHR064C	1184
YJR105W	1183
YJL138C	1159
YDR500C	1157
YDR037W	1145
YBR025C	1141
YBL003C	1133
YDR158W	1123
YIL052C	1118
YJR016C	1117
YJL190C	1116
YPR145W	1115
YHR089C	1100
YCR053W	1100
YBL030C	1089
YJR094W-A	1078
YOR182C	1075
YJR121W	1067
YOR298C-A	1066
YER056C-A	1065
YNL135C	1054
YLR303W	1052
YDR023W	1051
YLR304C	1049
YHR039C-A	1044
YOR332W	1041
YBR082C	1039
YPR043W	1033
YHR208W	1019
YGR180C	1019
YMR303C	1013
YJL034W	1011
YDL192W	1009
YGR214W	1000
YLR216C	998
YEL046C	996
YGR285C	990
YGR124W	944
YKL156W	944
YGL245W	937
YBR072W	926
YLR153C	922
YMR120C	916
YPL036W	912
YKR059W	910
YOR027W	909
YLR287C-A	903
YOR122C	899
YNL255C	895
YBR121C	891
YBR249C	869
YDL126C	865
YNL244C	863
YGL105W	854
YPR102C	851
YPL160W	851
YLR110C	847
YDR002W	845
YDR381W	843
YJL026W	842
YBL099W	838
YHR179W	836
YOR020C	828
YLL018C	822
YGR086C	806
YFL045C	800
YDL014W	796
YGL026C	791
YNR050C	786
YOR198C	784
YFR032C-A	782
YNL079C	781
YMR226C	780
YBR106W	779
YLR134W	775
YPL028W	771
YMR230W	769
YML126C	769
YCL050C	767
YPL004C	761
YJR109C	760
YBL076C	755
YOR335C	754
YCL030C	739
YLR197W	727
YGL202W	723
YDR233C	720
YFR053C	718
YCL043C	715
YHR141C	715
YDR432W	697
YLR432W	688
YML008C	676
YGR185C	675
YPR069C	674
YJR048W	673
YGR094W	668
YDR454C	662
YHR019C	661
YIL078W	652
YFL037W	651
YMR217W	646
YDR032C	642
YDL084W	640
YGR159C	639
YDR033W	632
YLL026W	631
YLR293C	631
YGR204W	625
YMR083W	625
YER110C	624
YHR020W	621
YLR027C	620
YNR016C	613
YDL066W	605
YHL034C	602
YEL071W	601
YBR109C	600
YKL035W	598
YJR077C	596
YGL234W	593
YOL139C	593
YJL080C	591
YOR007C	588
YMR307W	586
YGR282C	579
YMR072W	579
YGR087C	579
YAL044C	576
YER178W	574
YKL210W	569
YDR225W	567
YIL041W	562
YLR179C	559
YLR060W	556
YJL167W	555
YJL130C	552
YMR108W	550
YGR264C	550
YOR230W	548
YER023W	545
YDL182W	542
YOR310C	538
YNL007C	531
YPR041W	531
YMR079W	529
YOR185C	526
YDL137W	526
YOR184W	526
YCL040W	524
YJR070C	524
YOR204W	523
YBR143C	517
YKL085W	510
YNL162W	510
YPL048W	509
YER057C	506
YBR079C	498
YPR163C	498
YDL124W	497
YKL067W	497
YOR136W	496
YGL148W	488
YDL022W	488
YPL154C	487
YNL112W	487
YDR298C	486
YNL010W	479
YBR078W	476
YHR027C	473
YDR071C	472
YER036C	471
YNL220W	471
YOR374W	471
YNL015W	465
YFL018C	465
YOL143C	460
YNR001C	460
YER103W	459
YGR061C	456
YKL117W	456
YLR390W-A	455
YML106W	453
YHR068W	452
YER025W	452
YJR007W	452
YER003C	450
YMR260C	450
YPL218W	449
YBR286W	448
YDR341C	444
YJL172W	441
YFR044C	440
YER009W	434
YDR513W	431
YHR008C	429
YGL206C	426
YLR301W	424
YPR183W	420
YCL035C	419
YDR172W	419
YFL022C	419
YGL037C	418
YPR191W	417
YDR510W	415
YHR025W	415
YLR262C-A	406
YER062C	401
YMR146C	400
YBR221C	397
YLL039C	392
YER133W	392
YDL184C	388
YKL080W	387
YNL208W	386
YBR263W	385
YDR129C	384
YBL039C	384
YHR128W	383
YCL009C	382
YNL071W	380
YPR033C	380
YML078W	379
YCL037C	378
YNL134C	374
YIR034C	374
YLR438W	370
YLR175W	368
YHR018C	367
YKL054C	367
YGL106W	367
YPL225W	366
YCR088W	366
YBL045C	366
YHR072W-A	365
YPL145C	364
YDR399W	363
YER055C	361
YER052C	361
YHR087W	361
YOR361C	361
YDL131W	360
YMR309C	359
YML022W	359
YML056C	358
YPR149W	356
YDL125C	356
YIR037W	353
YEL020W-A	353
YOR142W	350
YML123C	349
YPL226W	348
YAL035W	347
YDR127W	347
YOR168W	346
YOR317W	346
YMR038C	345
YGL137W	344
YNL113W	343
YBR085C-A	341
YMR318C	340
YDR368W	339
YMR012W	339
YIL094C	339
YKL009W	332
YLR359W	331
YNL241C	331
YMR314W	328
YGR253C	328
YPL271W	327
YPR036W	325
YPL111W	324
YOR270C	324
YDL145C	323
YML070W	321
YCR024C-A	321
YPR052C	320
YBR218C	320
YEL047C	320
YOR323C	320
YDL100C	320
YGL011C	319
YER120W	318
YER136W	317
YNL138W	317
YBL075C	317
YJL008C	316
YAR015W	315
YMR173W	314
YNL104C	314
YDL143W	313
YPR165W	311
YBR126C	310
YOR285W	310
YBR039W	309
YER081W	308
YNL037C	307
YDL171C	307
YMR235C	307
YML092C	307
YNL016W	306
YPL091W	306
YJL200C	306
YMR295C	306
YOR187W	305
YDR529C	303
YPR062W	301
YHR005C-A	300
YBR088C	300
YJR148W	299
YEL021W	299
YDR487C	298
YER090W	296
YNL121C	294
YDR035W	294
YMR315W	294
YOR362C	293
YML085C	293
YML012W	293
YPR110C	292
YHR104W	292
YNR043W	290
YCR028C-A	290
YNL287W	289
YDL208W	289
YMR099C	289
YLR208W	286
YCR009C	286
YKR001C	286
YOR259C	285
YHR143W-A	285
YFL038C	285
YCR004C	285
YPL078C	284
YLR244C	284
YER126C	283
YMR105C	282
YDL195W	280
YKR043C	280
YGR175C	279
YKL016C	277
YKL071W	276
YOL097C	276
YBL024W	273
YBR248C	273
YBL026W	270
YGR162W	270
YHR051W	270
YBR149W	268
YPL117C	267
YGR020C	267
YDR345C	266
YLR192C	265
YPL237W	265
YER031C	265
YDR429C	265
YDR091C	264
YMR202W	262
YJL014W	261
YIL138C	260
YLR028C	259
YNL141W	259
YOR346W	258
YDL078C	258
YKL150W	258
YIL142W	257
YBR244W	257
YKR048C	256
YLR378C	255
YKL096W-A	255
YML074C	254
YPR028W	254
YNL014W	253
YEL027W	253
YHR049W	252
YIL043C	252
YMR241W	252
YDL160C	252
YFL034C-A	251
YPL262W	249
YNL044W	248
YDL133C-A	248
YNL303W	247
YJL012C	246
YEL017C-A	246
YHR042W	246
YKL212W	245
YBR111C	245
YER073W	245
YHR052W	245
YGR211W	245
YMR123W	245
YKL142W	244
YNL247W	243
YGR279C	242
YKL196C	242
YDR212W	242
YJR064W	241
YDR190C	241
YER069W	241
YER006W	240
YMR246W	240
YDR174W	238
YER086W	238
YPR108W	238
YDR346C	238
YOL059W	238
YPL273W	238
YNL098C	236
YPL093W	236
YHR007C	236
YOR341W	235
YPR010C	234
YNL281W	234
YLR347C	232
YJL217W	232
YOR210W	231
YDR086C	228
YOL038W	228
YDR304C	228
YOR153W	227
YLR447C	227
YJR010W	227
YOR209C	226
YLR370C	226
YCL028W	225
YEL001C	225
YJR065C	224
YDL147W	224
YCL064C	223
YGL200C	222
YPR016C	221
YOR157C	220
YDL097C	218
YMR229C	218
YKL104C	218
YOL012C	217
YLR186W	217
YGR135W	216
YFL005W	216
YNL160W	215
YKL033W-A	214
YOR261C	214
YGL068W	213
YLR413W	213
YIL074C	213
YKR014C	213
YOR117W	213
YJR063W	212
YOR046C	211
YGL187C	210
YOR276W	210
YGL078C	208
YDR101C	208
YDR214W	205
YMR297W	205
YJL111W	205
YGL173C	205
YGL207W	204
YKL192C	204
YFR052W	203
YNL308C	203
YLR372W	203
YMR062C	202
YDR238C	202
YIL062C	201
YGL195W	200
YNR034W-A	200
YMR300C	199
YEL031W	199
YGR167W	199
YNR035C	199
YNR053C	198
YOL140W	198
YML001W	198
YAR002C-A	196
YJR069C	196
YER012W	196
YJL001W	195
YNL061W	195
YDR019C	195
YOR128C	195
YLR196W	194
YIL075C	194
YHR146W	194
YPL059W	193
YIL125W	192
YBR035C	191
YMR002W	191
YMR203W	191
YML052W	191
YKL157W	190
YPR181C	190
YPR060C	190
YDR388W	189
YML086C	189
YDR074W	188
YBR115C	188
YGR103W	188
YHR190W	188
YJL041W	188
YOR176W	188
YBR159W	188
YGR008C	187
YGL048C	187
YKL145W	187
YFR004W	187
YOR151C	187
YKL024C	187
YIL076W	186
YKL211C	186
YOR232W	186
YEL037C	186
YBR101C	185
YIL033C	185
YBR283C	185
YGR169C-A	183
YLR420W	183
YAL016W	183
YEL051W	183
YOL123W	182
YOR108W	182
YJL121C	181
YGR060W	181
YDL051W	180
YFL010C	180
YBR034C	179
YER146W	179
YMR145C	179
YGL157W	178
YOL144W	177
YDL085C-A	177
YHR047C	176
YMR131C	176
YHR200W	176
YLR257W	176
YFR050C	176
YMR058W	176
YDL029W	176
YFR009W	176
YDR234W	175
YCL018W	175
YDR343C	175
YLR295C	175
YDR508C	175
YNL131W	175
YGR173W	174
YKL181W	174
YGL062W	173
YGL120C	173
YML125C	173
YDL226C	173
YLR300W	172
YBR089C-A	172
YDR188W	172
YHL011C	172
YPR004C	171
YDR427W	171
YAL036C	171
YDR258C	171
YOR254C	171
YDR152W	171
YEL024W	170
YBR154C	170
YLR314C	170
YDR156W	169
YDL168W	169
YKL096W	169
YBL047C	169
YBL015W	169
YKR080W	169
YFR010W	168
YJL173C	168
YHR163W	168
YGR132C	168
YPL010W	168
YGL055W	166
YBR084W	166
YDL198C	166
YHR137W	165
YKR042W	165
YFR051C	165
YMR031C	164
YER112W	164
YJR014W	163
YOR303W	163
YMR290C	162
YER094C	162
YKR092C	161
YDR483W	161
YLR038C	160
YKL029C	160
YJL055W	160
YGL122C	160
YPL019C	159
YNL189W	159
YPL260W	158
YOR089C	158
YLR421C	158
YML072C	158
YOR065W	158
YDR062W	157
YBL032W	157
YLR270W	157
YHR216W	157
YDL135C	157
YGL097W	156
YNL231C	156
YML048W	156
YGR244C	155
YDR168W	153
YHR170W	153
YMR092C	153
YNR021W	153
YPL063W	153
YML124C	152
YMR276W	152
YLR178C	152
YDL140C	152
YDR533C	151
YPR020W	151
YGL054C	151
YML100W	151
YHR196W	151
YDL213C	150
YOR265W	150
YOL041C	149
YLR256W-A	149
YML069W	149
YDL103C	149
YGL040C	149
YGR054W	149
YMR189W	148
YOL111C	148
YDR378C	148
YER007C-A	148
YEL002C	147
YBL036C	147
YPL235W	147
YOR086C	146
YLR342W	146
YPL239W	146
YPR133W-A	146
YOR286W	145
YML058W	145
YBR169C	145
YLR335W	145
YNL175C	145
YDR232W	144
YLR449W	144
YLR229C	144
YDR322C-A	144
YIL109C	144
YNL243W	144
YKR081C	144
YEL013W	143
YBL050W	143
YDR380W	143
YOL151W	143
YNL307C	143
YDL040C	143
YDL052C	143
YDL007W	142
YMR157C	142
YMR011W	142
YGR218W	142
YNL248C	142
YDR328C	142
YMR093W	141
YBL064C	141
YJR017C	140
YJL122W	140
YKL127W	140
YIL022W	139
YDR394W	139
YPL127C	139
YER156C	139
YHR039C	139
YFL004W	139
YDR321W	138
YER072W	138
YOR271C	138
YOR173W	138
YGR082W	138
YFR001W	137
YOR272W	137
YJL140W	137
YPR118W	137
YOR095C	137
YDR148C	136
YOR197W	136
YOR239W	136
YDR077W	135
YKR066C	135
YGR207C	135
YGL001C	135
YBR052C	134
YJR047C	134
YDL236W	134
YMR183C	134
YKL120W	133
YKL040C	132
YGR130C	132
YJL124C	132
YBR177C	132
YJR060W	132
YAL007C	132
YNR046W	131
YDL181W	131
YLR200W	131
YOR283W	130
YNL002C	130
YBR068C	130
YJL088W	130
YBL041W	130
YPR187W	129
YLL041C	129
YGL087C	129
YHR037W	129
YDR361C	129
YIL070C	128
YGR181W	128
YJL002C	128
YHR108W	128
YPL211W	128
YPR063C	128
YFR037C	127
YJR117W	127
YBL058W	127
YGL043W	127
YLR429W	127
YOR224C	127
YJL117W	127
YDR177W	127
YGR106C	126
YOR326W	126
YDL095W	126
YPL243W	126
YCR084C	126
YCL057W	126
YEL042W	125
YKL172W	125
YAL060W	124
YGL099W	124
YGL221C	124
YOL077C	124
YER063W	124
YIL021W	124
YDR120C	124
YPR170W-B	123
YOL064C	122
YOR327C	122
YGR231C	122
YOL061W	122
YEL058W	121
YDL072C	121
YDR211W	121
YGR256W	121
YOR061W	121
YOR206W	120
YMR015C	120
YER087C-B	120
YEL039C	120
YJR076C	120
YDL004W	119
YOR340C	119
YHL021C	118
YML120C	118
YDR044W	118
YOR051C	118
YLR438C-A	118
YBL007C	118
YGR078C	118
YIR006C	118
YHR107C	117
YNR017W	117
YDR496C	117
YDR300C	117
YBR214W	117
YER042W	116
YGL167C	116
YER048C	116
YER048W-A	116
YJL159W	116
YIL034C	116
YBR247C	116
YBR162C	115
YLR160C	115
YGR208W	115
YNL132W	115
YGR128C	115
YOR039W	115
YNL312W	115
YGL225W	114
YDR087C	114
YCL059C	114
YNL239W	114
YOL005C	114
YDL046W	114
YOR099W	113
YLR248W	113
YJL148W	113
YER021W	113
YDR519W	113
YER089C	113
YKL007W	113
YDR299W	112
YLR113W	112
YBR164C	112
YDR408C	112
YKR035W-A	112
YBL091C	112
YJL123C	112
YBR230C	112
YBR234C	111
YGR229C	111
YLR056W	111
YMR074C	111
YBL056W	111
YMR251W-A	111
YBR126W-A	111
YML128C	111
YPL234C	111
YKL103C	110
YOR021C	110
YBR026C	110
YJR025C	110
YMR296C	110
YJR144W	109
YGR195W	109
YPR160W	109
YER056C	109
YDR272W	109
YGL115W	109
YOR091W	108
YER004W	108
YML010W	108
YMR261C	108
YCR083W	107
YCR002C	107
YLR258W	107
YDR424C	107
YKR046C	106
Q0250	106
YJR072C	106
YGR019W	106
YMR049C	106
YDL015C	105
YJL158C	105
YJR125C	105
YPL012W	104
YKL013C	104
YPL210C	104
YGR275W	104
YGR116W	104
YBR160W	104
YPL212C	104
YEL030W	104
YAR007C	104
YER134C	104
YIL136W	104
YML094W	103
YBR049C	103
YBR080C	103
YGL112C	103
YJL068C	103
YBR054W	103
YNL117W	103
YLR022C	103
YLR380W	102
YGL238W	102
YOR347C	102
YER080W	102
YMR178W	102
YGR001C	102
YPL135W	102
YHR063C	102
YER002W	102
YLR172C	101
YMR243C	101
YDL086W	100
YNL157W	100
YOL030W	100
YPL257W-A	100
YPL129W	99.8
YER122C	99.6
YDR165W	99.4
YMR149W	99.4
YBR222C	99.3
YDR194C	99.1
YER067W	99.0
YDR365C	99.0
YGL228W	98.6
YKL148C	98.5
YNL110C	98.5
YLR351C	98.3
YHR001W-A	98.3
YKR016W	98.2
YHR215W	98.1
YNL153C	98.0
YBR058C-A	98.0
YHR121W	98.0
YDR395W	97.9
YOR356W	97.8
YGR187C	97.2
YHR013C	97.1
YIR038C	97.1
YBR252W	96.7
YIL118W	96.7
YBR256C	96.6
YHR024C	96.5
YKL126W	96.4
YEL060C	96.3
YGR215W	96.1
YDR294C	95.9
YBL022C	95.9
YLR100W	95.7
YDR092W	95.5
YFL016C	95.5
YER049W	95.4
YJL109C	95.3
YIR012W	95.2
YHR074W	94.9
YLR410W	94.9
YMR308C	94.8
YNL149C	94.3
YGR119C	94.3
YJR029W	94.1
YML079W	94.0
YER148W	94.0
YOR260W	93.9
YHR098C	93.9
YOR243C	93.8
YPR148C	93.8
YGL191W	93.6
YHR053C	93.5
YIL116W	93.4
YCR060W	93.3
YDR098C	93.2
YLR068W	93.2
YGL070C	93.1
YJR086W	93.1
YDR517W	92.7
YAR002W	92.5
YMR027W	92.5
YCR034W	92.4
YNL154C	92.2
YPR133C	92.2
YML057W	91.8
YKR071C	91.7
YBL028C	91.6
YDR171W	91.6
YGR193C	91.4
YKL065C	91.2
YFL048C	91.2
YMR090W	91.1
YAR071W	91.0
YKL204W	91.0
YKL114C	90.8
YOL049W	90.7
YJL020C	90.7
YER019C-A	90.7
YBR151W	90.6
YNR051C	90.5
YGL220W	90.4
YAL023C	90.3
YJL069C	90.3
YFR033C	90.2
YPR073C	90.1
YKL001C	89.8
YOR215C	89.6
YLR330W	89.4
YLR074C	89.4
YGR267C	89.1
YNL052W	89.1
YDL132W	89.1
YDR516C	89.1
YMR071C	89.1
YHR106W	89.0
YDR365W-A	89.0
YBR198C	88.9
YJL104W	88.8
YBR029C	88.7
YDR060W	88.7
YKR065C	88.7
YIL016W	88.5
YBR015C	88.3
YPL043W	88.1
YOL022C	87.9
YER125W	87.8
YFR049W	87.8
YGR280C	87.8
YMR215W	87.8
YLR033W	87.7
YLR017W	87.6
YDR377W	87.6
YCL011C	87.4
YOL027C	87.4
YNL232W	87.3
YOR120W	87.1
YKL193C	86.9
YMR039C	86.5
YKL094W	86.4
YIR036C	86.4
YMR169C	86.3
YBR111W-A	86.3
YDR342C	86.3
YFL036W	86.0
YOR294W	86.0
YPR103W	85.9
YFR030W	85.4
YOR251C	85.4
YGR080W	85.4
YER151C	84.9
YER137C-A	84.7
YLR157C-A	84.7
YLR089C	84.6
YLR262C	84.5
YNL274C	84.2
YDR525W-A	84.2
YJR137C	84.1
YMR236W	84.1
YCL025C	84.0
YMR225C	84.0
YDL130W-A	83.7
YMR305C	83.5
YDR261C-C	83.4
YOR164C	83.4
YLR203C	83.4
YAR010C	83.4
YDL212W	83.3
YMR208W	83.3
YDL174C	83.1
YNR036C	82.8
YGR123C	82.8
YHR029C	82.8
YDL067C	82.7
YJL186W	82.7
YLR245C	82.6
YNL168C	82.5
YPR137C-A	82.5
YHR069C	82.3
YHR148W	82.3
YPL126W	82.3
YBR092C	82.3
YHR030C	82.2
YML130C	82.1
YER030W	82.0
YMR311C	81.9
YDL161W	81.8
YBR112C	81.8
YJR075W	81.6
YDL201W	81.6
YNL084C	81.4
YJR088C	81.4
YGR090W	81.3
YJR085C	81.3
YDR145W	81.2
YDL178W	81.2
YOR042W	81.2
YPL265W	80.9
YLR025W	80.8
YER083C	80.6
YER154W	80.6
YOL147C	80.4
YOR253W	80.3
YLR287C	80.1
YDL092W	80.1
YHR065C	79.9
YKL154W	79.8
YEL040W	79.8
YCR020W-B	79.7
YML105C	79.7
YFR011C	79.5
YBL001C	79.5
YDR363W-A	79.5
YJL050W	79.2
YFL017C	79.2
YGR284C	79.1
YDL121C	79.0
YGL019W	78.9
YMR188C	78.8
YOL098C	78.5
YJL145W	78.5
YBR135W	78.5
YDR347W	78.4
YMR125W	78.3
YCL057C-A	78.3
YPL266W	78.2
YNL290W	78.1
YGL056C	78.0
YNL251C	78.0
YGR178C	77.6
YNR038W	77.5
YBR171W	77.5
YDR170C	77.5
YDR372C	77.3
YLR222C	77.1
YML110C	77.1
YDR477W	77.0
YJL178C	77.0
YGR210C	77.0
YLR195C	77.0
YOL052C	76.9
YJR026W	76.8
YLR227W-A	76.8
YML040W	76.8
YLR291C	76.8
YAL042W	76.8
YOR074C	76.8
YGL232W	76.7
YCR087C-A	76.6
YER065C	76.6
YOL016C	76.4
YDR070C	76.4
YLR364W	76.3
YBL057C	76.3
YDR297W	76.2
YDL064W	76.0
YKR026C	75.9
YGR027W-A	75.8
YNL216W	75.8
YPR024W	75.8
YOL142W	75.7
YIL027C	75.6
YJL179W	75.5
YPL013C	75.4
YMR272C	75.4
YLR384C	75.2
YJR073C	75.1
YDR461W	74.9
YOL057W	74.9
YJR028W	74.6
YPL232W	74.6
YOR163W	74.5
YOL103W-A	74.5
YJL060W	74.3
YJR068W	74.2
YJL171C	74.0
YJR126C	73.8
YPL169C	73.7
YCL045C	73.7
YPR159W	73.6
YIL124W	73.6
YGL049C	73.6
YDR397C	73.5
YGL244W	73.5
YGR055W	73.5
YNL207W	73.4
YIL063C	73.4
YAL030W	73.2
YKL195W	73.2
YLL009C	73.1
YDL166C	73.1
YKL186C	73.0
YDR434W	73.0
YDL232W	72.9
YKR018C	72.9
YPR129W	72.9
YDL235C	72.9
YDR497C	72.7
YDR098C-A	72.7
YDL053C	72.6
YFR002W	72.6
YNL066W	72.6
YBR245C	72.4
YAR073W	72.4
YKR006C	72.3
YOR116C	72.2
YDR210C-C	72.1
YKL128C	72.0
YCL017C	71.9
YPL190C	71.9
YBL068W	71.9
YPR158C-C	71.8
YDR316W-A	71.8
YCR051W	71.8
YER159C-A	71.7
YGR161C-C	71.7
YMR051C	71.7
YMR122W-A	71.7
YMR109W	71.6
YOL145C	71.6
YER174C	71.4
YIL115C	71.3
YGR038C-A	71.2
YMR091C	71.1
YBL059C-A	71.0
YNL108C	71.0
YGR038W	70.9
YKR003W	70.7
YPR113W	70.4
YKL113C	70.3
YNL111C	70.3
YDR167W	70.3
YDR404C	70.2
YDL205C	70.2
YNL259C	69.9
YIL008W	69.8
YNL054W-A	69.8
YGR083C	69.7
YGR081C	69.5
YOR165W	69.4
YNL202W	69.4
YNL045W	69.4
YBL040C	69.3
YCL031C	69.2
YBR261C	69.1
YOR142W-A	69.0
YPR158W-A	69.0
YPR124W	69.0
YER099C	68.8
YPR182W	68.8
YGR157W	68.8
YNL292W	68.8
YBR012W-A	68.8
YJL063C	68.7
YDL122W	68.7
YLR008C	68.6
YBR199W	68.5
YGR189C	68.5
YMR197C	68.4
YIL155C	68.4
YDL080C	68.4
YBR279W	68.3
YDL110C	68.2
YCR030C	68.2
YPR088C	68.0
YAL049C	67.8
YPR137W	67.7
YHR113W	67.6
YJL166W	67.6
YPL146C	67.5
YHR055C	67.5
YPL112C	67.4
YGL242C	67.4
YBR172C	67.4
YNL229C	67.3
YDL225W	67.3
YGR063C	67.3
YLR276C	67.2
YPL066W	67.2
YBR130C	66.9
YDR189W	66.8
YNL313C	66.8
YDR161W	66.8
YGL181W	66.8
YLR118C	66.8
YER141W	66.6
YLR418C	66.6
YEL032W	66.6
YBR086C	66.4
YNL036W	66.4
YBL017C	66.4
YGL153W	66.4
YKL214C	66.3
YFR006W	66.3
YJR002W	66.2
YPR143W	66.1
YLR042C	66.1
YJL076W	65.9
YHR201C	65.8
YLL008W	65.8
YMR250W	65.7
YPL263C	65.5
YBL016W	65.5
YDR150W	65.5
YPR072W	65.3
YDR293C	65.2
YDR398W	65.1
YNL185C	65.1
YPL009C	65.1
YOR281C	65.0
YJR022W	64.9
YOL126C	64.8
YGR232W	64.8
YDR054C	64.7
YHR214C-C	64.6
YML035C	64.5
YNL182C	64.5
YER145C	64.5
YDL060W	64.3
YPL246C	64.3
YML017W	64.3
YKL122C	64.3
YLR399C	64.2
YIL044C	64.1
YLL001W	64.1
YKL137W	64.1
YBR155W	63.8
YJL183W	63.8
YIR004W	63.7
YPL050C	63.6
YPL199C	63.6
YMR080C	63.4
YJL115W	63.4
YML045W-A	63.3
YMR220W	63.3
YLR026C	63.2
YGR200C	63.2
YPL170W	63.1
YJR135W-A	63.0
YOL077W-A	63.0
YBR267W	63.0
YLR059C	63.0
YBR145W	62.8
YGL205W	62.7
YNL288W	62.7
YOR094W	62.6
YML055W	62.5
YPR010C-A	62.5
YBR085W	62.5
YOR123C	62.5
YOR220W	62.3
YGR136W	62.2
YFR024C-A	62.2
YOR252W	62.1
YBR017C	62.0
YJL033W	61.9
YHR066W	61.9
YDR001C	61.8
YGR043C	61.6
YER100W	61.6
YKR097W	61.6
YIL065C	61.6
YMR286W	61.6
YMR244C-A	61.6
YNL118C	61.6
YDR481C	61.5
YML081C-A	61.5
YDL099W	61.4
YDL128W	61.4
YBR056W	61.4
YMR152W	61.4
YOR367W	61.3
YOR016C	61.2
YKL077W	61.2
YJL011C	61.1
YOL094C	61.0
YOL010W	60.8
YLR206W	60.7
YER168C	60.5
YCR016W	60.5
YKR095W-A	60.5
YDR354W	60.3
YGL231C	60.2
YBR120C	60.2
YGL039W	59.9
YML036W	59.9
YDL215C	59.8
YBR268W	59.8
YPL049C	59.7
YGR248W	59.7
YHL031C	59.7
YNL315C	59.7
YAL025C	59.6
YPR172W	59.6
YDR303C	59.5
YGL020C	59.5
YMR214W	59.3
YKL190W	59.1
YKR095W	59.1
YKL130C	59.0
YPL178W	59.0
YKR002W	59.0
YKL213C	58.9
YPL032C	58.8
YHR197W	58.7
YLL011W	58.7
YLR387C	58.7
YHR132W-A	58.6
YCR093W	58.6
YPL204W	58.5
YDL173W	58.4
YHR135C	58.3
YPL085W	58.2
YDR051C	58.1
YOR056C	58.1
YHR132C	58.1
YER107C	58.0
YER015W	58.0
YGL092W	57.9
YGR048W	57.9
YML004C	57.8
YKR074W	57.8
YGL111W	57.7
YBR265W	57.6
YHR012W	57.6
YBR096W	57.5
YKR008W	57.4
YKR009C	57.3
YIL137C	57.3
YGR040W	57.3
YOR085W	57.3
YPL094C	57.2
YMR170C	57.2
YLR292C	57.1
YKL095W	57.0
YLR231C	57.0
YKL099C	56.8
YKL112W	56.8
YJL151C	56.8
YIR008C	56.7
YJL024C	56.7
YLR083C	56.7
YCR057C	56.6
YMR043W	56.5
YKR077W	56.3
YKL058W	56.3
YDR063W	56.1
YNL323W	56.0
YLR285W	55.9
YHR003C	55.9
YPR125W	55.9
YDL134C	55.7
YDL002C	55.7
YIL035C	55.7
YGR026W	55.6
YEL003W	55.6
YOR103C	55.5
YDL141W	55.4
YDR384C	55.2
YOL092W	55.2
YGL210W	55.1
YLR268W	55.0
YML093W	55.0
YNL166C	54.9
YLL048C	54.8
YBR046C	54.8
YBR205W	54.7
YLR066W	54.6
YPR169W	54.6
YOL076W	54.6
YHR005C	54.6
YDR465C	54.4
YJR103W	54.4
YDR348C	54.4
YHR088W	54.4
YER068W	54.4
YGL252C	54.4
YPL195W	54.3
YOL056W	54.3
YIR022W	54.3
YBR067C	54.1
YKR072C	54.1
YGL082W	54.0
YJR034W	54.0
YER027C	54.0
YNL123W	53.8
YNL087W	53.8
YDL074C	53.7
YGR205W	53.7
YDR170W-A	53.6
YDR083W	53.6
YGR012W	53.5
YBR227C	53.5
YBR202W	53.4
YFR016C	53.2
YOL021C	53.2
YNL005C	53.2
YGR084C	53.1
YDR121W	53.1
YNL075W	53.1
YLR002C	53.1
YOR226C	53.0
YDL204W	53.0
YLR220W	53.0
YDR296W	52.8
YKR082W	52.8
YOR370C	52.8
YCR046C	52.7
YBR059C	52.7
YFR047C	52.6
YMR237W	52.5
YDR453C	52.4
YMR321C	52.3
YPL086C	52.3
YPL184C	52.3
YDL150W	52.3
YIL038C	52.2
YOR131C	52.1
YBR053C	52.1
YML054C	52.1
YOR241W	52.0
YGL027C	51.9
YLR435W	51.9
YKL021C	51.9
YPR154W	51.9
YKL063C	51.9
YER159C	51.9
YIL145C	51.8
YOR045W	51.8
YLR452C	51.8
YGR255C	51.7
YHR097C	51.7
YPR086W	51.6
YJL061W	51.6
YOR043W	51.6
YBR069C	51.6
YDL219W	51.5
YMR278W	51.5
YGR257C	51.4
YLR163C	51.4
YLR356W	51.4
YIL123W	51.4
YAR075W	51.4
YBR142W	51.4
YDR116C	51.3
YKL032C	51.2
YOL006C	51.2
YIR026C	51.2
YGR245C	51.0
YDR324C	51.0
YDR316W-B	50.9
YJR059W	50.7
YNL272C	50.6
YDR292C	50.5
YJR143C	50.5
YDL188C	50.5
YBL051C	50.5
YDL047W	50.4
YML067C	50.3
YOR004W	50.3
YER044C	50.3
YPR112C	50.2
YPL058C	50.2
YKL027W	50.2
YOR216C	50.2
YPL082C	50.2
YBR087W	50.2
YGR186W	50.0
YDL116W	50.0
YPR190C	49.9
YGR074W	49.8
YOR014W	49.7
YJR042W	49.7
YPR158W-B	49.7
YHR001W	49.5
YGR261C	49.5
YMR298W	49.4
YBR036C	49.3
YDL148C	49.2
YHR214C-B	49.2
YFR041C	49.2
YNL197C	49.0
YHR026W	49.0
YBR093C	49.0
YFL041W	49.0
YGL028C	48.9
YNL070W	48.9
YGL172W	48.8
YJL192C	48.7
YPR091C	48.7
YKL068W	48.7
YGL014W	48.6
YHL004W	48.5
YIL020C	48.5
YPL128C	48.4
YIL154C	48.4
YML045W	48.4
YER001W	48.3
YOR207C	48.3
YOR052C	48.3
YEL055C	48.3
YER082C	48.3
YGL203C	48.2
YNL035C	48.2
YMR033W	48.1
YPR127W	48.1
YCR043C	48.1
YGL012W	48.0
YNL330C	48.0
YDR153C	48.0
YHR158C	48.0
YIR031C	48.0
YBR170C	48.0
YHR133C	47.9
YMR129W	47.9
YLR209C	47.6
YMR024W	47.6
YJR133W	47.6
YKL143W	47.5
YHR112C	47.5
YLR250W	47.4
YDR277C	47.3
YLR401C	47.3
YBR253W	47.3
YGL022W	47.2
YGL171W	47.2
YBR014C	47.2
YJR096W	47.1
YMR255W	47.0
YDR047W	46.8
YCL001W	46.8
YML075C	46.8
YDL153C	46.8
YPR019W	46.8
YDL005C	46.7
YLR129W	46.7
YDL058W	46.7
YPL207W	46.7
YDR390C	46.6
YHR199C	46.6
YMR184W	46.4
YEL038W	46.4
YGL213C	46.3
YGL190C	46.3
YML049C	46.3
YEL007W	46.1
YDR178W	46.1
YCR077C	46.1
YGL100W	46.0
YMR158W	45.9
YFL028C	45.7
YMR266W	45.7
YHL013C	45.7
YNL004W	45.7
YNL147W	45.7
YDR264C	45.7
YCR073W-A	45.6
YPL217C	45.6
YNL173C	45.6
YNL252C	45.6
YGR271C-A	45.5
YJR010C-A	45.5
YDL190C	45.5
YDR405W	45.5
YJL153C	45.4
YGR095C	45.3
YOR357C	45.3
YLL034C	45.3
YGR191W	45.2
YNL090W	45.2
YMR008C	45.1
YNR052C	45.1
YCR090C	45.1
YLR321C	45.1
YJL143W	45.1
YBL033C	45.0
YNL001W	45.0
YGL058W	45.0
YDR280W	45.0
YOR008C	44.8
YDR045C	44.8
YIL162W	44.8
YDR339C	44.8
YIL126W	44.8
YGR145W	44.7
YMR161W	44.7
YNL284C	44.7
YPL067C	44.7
YNL059C	44.7
YFL026W	44.6
YGL101W	44.6
YML016C	44.5
YPL084W	44.5
YOR217W	44.5
YMR089C	44.4
YIL091C	44.3
YLR069C	44.3
YDL120W	44.3
YKL073W	44.3
YDR011W	44.3
YNL181W	44.3
YNL180C	44.2
YKL028W	44.1
YMR163C	44.1
YLR309C	44.1
YIR003W	44.1
YPR034W	44.1
YDR412W	44.1
YOL070C	44.0
YJL039C	44.0
YDR518W	43.9
YDL031W	43.9
YLL029W	43.9
YLR106C	43.9
YKR025W	43.9
YBR139W	43.8
YPR173C	43.8
YGL246C	43.8
YPR189W	43.8
YNR018W	43.8
YNL088W	43.8
YPL215W	43.7
YMR222C	43.6
YBR122C	43.6
YLR312W-A	43.5
YOR267C	43.5
YMR291W	43.5
YLR174W	43.5
YDR046C	43.4
YCR035C	43.4
YGL066W	43.3
YAL021C	43.3
YOL090W	43.2
YAL059W	43.2
YJL196C	43.1
YMR238W	43.1
YDR036C	43.0
YLR337C	43.0
YPL110C	42.9
YGL201C	42.9
YFR028C	42.8
YDR449C	42.8
YNL085W	42.8
YOL149W	42.7
YHL039W	42.7
YDR257C	42.6
YDR391C	42.6
YJR132W	42.6
YOL133W	42.5
YIL087C	42.5
YKL002W	42.5
YHL003C	42.4
YIL036W	42.4
YLR398C	42.4
YMR047C	42.3
YJR051W	42.3
YNL200C	42.3
YJL097W	42.3
YNR034W	42.3
YLR389C	42.2
YBR262C	42.2
YPL105C	42.2
YHR081W	42.2
YNR032C-A	42.1
YGR277C	42.1
YHR072W	42.1
YLR350W	42.1
YKR060W	42.1
YDL088C	42.1
YBL071W-A	42.0
YDL065C	42.0
YIL105C	41.9
YOR145C	41.8
YNL280C	41.8
YEL050C	41.8
YJL010C	41.7
YMR005W	41.7
YGR032W	41.6
YDR430C	41.6
YER095W	41.5
YGL129C	41.4
YPL031C	41.4
YOR150W	41.4
YPL134C	41.4
YIL111W	41.4
YCR005C	41.3
YDR056C	41.3
YLR051C	41.3
YLR363W-A	41.3
YOR202W	41.3
YNR054C	41.2
YAL062W	41.2
YEL022W	41.2
YHR070W	41.1
YGL029W	41.1
YKL069W	41.1
YER127W	41.1
YLR328W	41.0
YKR084C	41.0
YLR433C	41.0
YOR189W	40.9
YNL219C	40.8
YOR273C	40.8
YOL067C	40.8
YDR469W	40.8
YLR052W	40.7
YDL111C	40.7
YNL024C-A	40.7
YDR135C	40.7
YOR098C	40.7
YAL054C	40.6
YIL010W	40.6
YDL010W	40.6
YHR085W	40.5
YKR062W	40.5
YKL129C	40.4
YHL007C	40.4
YKL215C	40.3
YIL093C	40.3
YJL125C	40.3
YLR397C	40.2
YDR117C	40.2
YLR324W	40.2
YHR192W	40.1
YJL066C	40.1
YLR234W	40.0
YHR046C	40.0
YLL013C	40.0
YJR113C	40.0
YML031W	39.9
YOL088C	39.9
YBR208C	39.9
YKL164C	39.8
YML064C	39.8
YPR128C	39.7
YLL021W	39.7
YGR235C	39.7
YKR070W	39.7
YHR062C	39.5
YGR088W	39.5
YHR117W	39.4
YBR230W-A	39.4
YML103C	39.4
YHR076W	39.3
YJR024C	39.3
YDR059C	39.3
YDR367W	39.3
YER143W	39.3
YLR133W	39.3
YDR068W	39.3
YGR182C	39.2
YLR090W	39.2
YHR169W	39.1
YHL030W	39.1
YMR196W	39.1
YKR068C	39.1
YDR231C	39.0
YML101C	39.0
YNL156C	39.0
YGL018C	39.0
YDL202W	38.9
YLR290C	38.8
YMR216C	38.8
YMR128W	38.8
YJR032W	38.7
YPR144C	38.7
YEL011W	38.7
YKL167C	38.5
YNL300W	38.4
YDL144C	38.4
YDR411C	38.4
YDR392W	38.4
YOR109W	38.3
YOR115C	38.2
YGR233C	38.2
YBR061C	38.2
YHR114W	38.1
YML127W	38.1
YIL160C	38.1
YNL022C	38.1
YEL015W	38.0
YGR152C	38.0
YGL196W	38.0
YNL155W	37.9
YOR130C	37.9
YOR196C	37.9
YCL054W	37.9
YAL043C	37.8
YIL009W	37.8
YHR009C	37.7
YIR035C	37.6
YDR507C	37.6
YLR055C	37.5
YJL128C	37.4
YNL268W	37.3
YKL014C	37.3
YER053C	37.2
YNL163C	37.2
YBR090C	37.2
YLR199C	37.2
YNL212W	37.2
YAL019W	37.2
YFR014C	37.0
YOR354C	37.0
YOR278W	36.9
YPL254W	36.9
YGL025C	36.9
YJL176C	36.9
YDR462W	36.9
YEL063C	36.8
YMR200W	36.8
YDR539W	36.8
YMR009W	36.8
YMR059W	36.8
YLR274W	36.7
YNL322C	36.7
YLR357W	36.6
YBR006W	36.6
YDR289C	36.6
YCR071C	36.5
YDR472W	36.5
YML030W	36.5
YDR175C	36.4
YJL133C-A	36.4
YDR322W	36.4
YIL002W-A	36.4
YPL206C	36.3
YFR015C	36.3
YIL106W	36.3
YLL036C	36.3
YGL125W	36.2
YCL005W-A	36.2
YGL038C	36.2
YPR180W	36.2
YBR003W	36.0
YJL208C	36.0
YBR081C	36.0
YLR409C	36.0
YOR101W	35.9
YGR252W	35.9
YJL036W	35.8
YML115C	35.7
YLR348C	35.7
YOR001W	35.7
YBR273C	35.7
YHR041C	35.7
YPR058W	35.6
YHR111W	35.6
YJR101W	35.6
YMR264W	35.5
YPL030W	35.5
YBL079W	35.4
YMR117C	35.4
YMR061W	35.4
YIL083C	35.3
YCR021C	35.3
YNL158W	35.3
YDL112W	35.3
YGL077C	35.3
YKL179C	35.2
YER155C	35.2
YGL130W	35.2
YBR287W	35.1
YCL010C	35.1
YBR077C	35.0
YHR138C	35.0
YLR078C	35.0
YGL065C	35.0
YDR251W	35.0
YLR018C	35.0
YHR094C	35.0
YOL004W	35.0
YIL015W	35.0
YHR205W	35.0
YGR183C	34.9
YER164W	34.9
YPR156C	34.8
YMR124W	34.7
YOL080C	34.6
YMR110C	34.6
YBR041W	34.6
YDR236C	34.5
YBR002C	34.5
YDL237W	34.5
YDL012C	34.5
YOR222W	34.5
YOR158W	34.5
YDR476C	34.4
YBR166C	34.3
YOR212W	34.3
YMR256C	34.3
YLR395C	34.3
YPL053C	34.3
YIL039W	34.2
YCR072C	34.2
YJR095W	34.2
YGR007W	34.1
YLR414C	34.1
YGL107C	34.1
YNL206C	34.0
YJL054W	34.0
YDL021W	34.0
Q0085	34.0
YJL101C	33.9
YBR269C	33.9
YLR286C	33.9
YGR165W	33.9
YLR225C	33.8
YJR057W	33.8
YDR028C	33.8
YER029C	33.8
YFL008W	33.8
YNR003C	33.7
YER105C	33.6
YDR084C	33.6
YCR011C	33.6
YGR027W-B	33.6
YBL102W	33.5
YMR130W	33.5
YDR337W	33.5
YDR055W	33.5
YPL227C	33.5
YIL108W	33.3
YNL306W	33.3
YMR212C	33.3
YDR266C	33.3
YBL069W	33.3
YOR360C	33.3
YNR022C	33.2
YER118C	33.2
YDL063C	33.2
YJR141W	33.2
YOL148C	33.2
YGL016W	33.1
YGL226C-A	33.1
YCL033C	33.1
YNL049C	33.1
YOR229W	33.1
YNL137C	33.1
YCR036W	33.0
YDR176W	33.0
YPL245W	33.0
YGR266W	33.0
YGL255W	32.9
YMR086W	32.8
YCL034W	32.8
YNR006W	32.8
YGR202C	32.7
YML062C	32.6
YBR281C	32.6
YOR304C-A	32.4
YJL082W	32.4
YOR359W	32.4
YDR031W	32.3
YIL064W	32.2
YPR114W	32.2
YPL228W	32.2
YER088C	32.2
YGL212W	32.1
YPL252C	32.1
YNL284C-A	32.1
YHR122W	32.1
YOR048C	32.1
YKL059C	32.0
YHR127W	32.0
YGL095C	32.0
YMR285C	31.9
YCR052W	31.9
YDR169C	31.8
YKL041W	31.8
YOR288C	31.8
YIR001C	31.8
YAR042W	31.8
YDR448W	31.8
YAL044W-A	31.8
YKL135C	31.8
YOR069W	31.8
YBR123C	31.7
YCR047C	31.7
YBL035C	31.7
YMR037C	31.7
YNL183C	31.7
YLR332W	31.7
YEL056W	31.7
YNR029C	31.6
YLR009W	31.6
YER090C-A	31.5
YDL050C	31.4
YKR067W	31.4
YIL127C	31.3
YJL184W	31.3
YFL034C-B	31.2
YKL160W	31.2
YIL005W	31.2
YDR358W	31.2
YKR038C	31.2
YCL044C	31.1
YML129C	31.1
YMR070W	31.1
YMR153W	31.1
YHL017W	31.0
YCR018C-A	31.0
YNR013C	31.0
YDR335W	31.0
YMR269W	30.9
YLR214W	30.9
YKR049C	30.8
YJL154C	30.8
YGL080W	30.8
YLR439W	30.7
YDR375C	30.7
YBR251W	30.6
YKL151C	30.6
YOR138C	30.5
YDL018C	30.5
YPL047W	30.5
YJL074C	30.5
YOR112W	30.5
YOR171C	30.4
YMR148W	30.4
YJR074W	30.4
YML108W	30.4
YOR316C	30.4
YJR080C	30.3
YNL062C	30.3
YGL150C	30.3
YML007W	30.2
YGR009C	30.2
YLR114C	30.2
YLL040C	30.2
YKL091C	30.2
YJL053W	30.1
YKL166C	30.1
YBR137W	30.1
YGR283C	30.1
Q0140	30.0
YBR103W	30.0
YOR124C	29.9
YOR319W	29.9
YKL110C	29.9
YBL004W	29.9
YJL164C	29.8
YDR100W	29.8
YLR120C	29.8
YAL046C	29.8
YKL046C	29.8
YER034W	29.7
YGR147C	29.7
YNR015W	29.6
YIL131C	29.6
YNL006W	29.5
YDR141C	29.5
YER014W	29.5
YJL026C-A	29.4
YGL178W	29.4
YGR158C	29.4
YGR260W	29.4
YNL099C	29.4
YPR025C	29.3
YDL167C	29.3
YDR016C	29.3
YMR076C	29.3
YDR312W	29.3
YNL191W	29.3
YPL274W	29.3
YKL106W	29.2
YLR104W	29.2
YJR112W	29.2
YOR090C	29.1
YLL022C	29.1
YOR188W	29.1
YDR505C	29.1
YAR014C	29.0
YMR193W	29.0
YPL151C	29.0
YER171W	29.0
YJR093C	29.0
YBL061C	29.0
YLR327C	28.9
YER020W	28.9
YDL019C	28.9
YGL047W	28.9
YNL058C	28.9
YER053C-A	28.9
YDR182W	28.9
YPL119C	28.9
YPR037C	28.8
YDR486C	28.8
YKL205W	28.8
YJL087C	28.8
YLR419W	28.8
YLL023C	28.8
YLR064W	28.8
YDR139C	28.7
YLL010C	28.7
YER010C	28.7
YKL138C	28.6
YEL036C	28.6
YNL215W	28.6
YLR003C	28.6
YPL101W	28.5
YGR247W	28.5
YLR181C	28.5
YHR188C	28.4
YMR304W	28.4
YMR067C	28.3
YDR460W	28.3
YDR511W	28.3
YPL121C	28.3
YNL310C	28.2
YML097C	28.2
YMR014W	28.2
YBL011W	28.2
YPR100W	28.2
YDR195W	28.1
YNL074C	28.1
YKL170W	28.1
YLR361C-A	28.1
YIL156W-B	28.1
YHL002W	28.1
YKL004W	28.0
YLR166C	28.0
YER138C	28.0
YGR092W	27.9
YDR119W	27.9
YGR031W	27.9
YLR212C	27.9
YDL157C	27.8
YLR219W	27.8
YGR111W	27.8
YKL006C-A	27.8
YGR274C	27.8
YER017C	27.8
YMR312W	27.7
YML025C	27.7
YBR094W	27.7
YDR143C	27.7
YDR284C	27.7
YLR386W	27.7
YDL193W	27.6
YHR084W	27.6
YOR078W	27.6
YNL264C	27.5
YNL327W	27.5
YDR017C	27.5
YOR181W	27.4
YGL145W	27.4
YNL009W	27.4
YGR203W	27.4
YPR029C	27.4
YOL115W	27.4
YLR369W	27.4
YLR182W	27.3
YGL211W	27.3
YCR027C	27.3
YOR143C	27.3
YBL042C	27.2
YKL206C	27.2
YOR262W	27.2
YER079W	27.2
YKL010C	27.2
YMR259C	27.2
YNL100W	27.1
YLR407W	27.1
YGL061C	27.1
YKL191W	27.1
YHR164C	27.1
YKL088W	27.1
YML071C	27.1
YNL186W	27.1
YIL066C	27.0
YNR040W	27.0
YMR174C	27.0
YDL164C	27.0
YMR239C	27.0
YJL174W	27.0
YPR056W	27.0
YMR029C	26.9
YGR104C	26.9
YNL265C	26.9
YPR023C	26.9
YMR022W	26.9
YKL144C	26.9
YDR373W	26.9
YER182W	26.9
YIL128W	26.8
YLL028W	26.8
YBR282W	26.8
YOR141C	26.8
YFR040W	26.8
YER026C	26.8
YER092W	26.8
YMR106C	26.7
YMR096W	26.7
YMR192W	26.7
YKR007W	26.7
YOR057W	26.7
YDR245W	26.7
YHR060W	26.7
YGL224C	26.7
YPR139C	26.7
YKL194C	26.6
YBR091C	26.6
YMR302C	26.6
YIL107C	26.5
YMR292W	26.5
YKL018W	26.5
YLR034C	26.5
YOR110W	26.5
YPR137C-B	26.4
YNR067C	26.4
YPL015C	26.4
YGR250C	26.3
YPR094W	26.3
YAL039C	26.3
YPR162C	26.2
YDR192C	26.1
YNR005C	26.1
YOR126C	26.1
YBR058C	26.1
YDR365W-B	26.0
YCR086W	26.0
YBL023C	26.0
YNL161W	26.0
YJL042W	26.0
YIL007C	25.9
YOR280C	25.9
YBR212W	25.9
YDR261C-D	25.8
YJL098W	25.8
YDL025C	25.8
YKL119C	25.7
YPL257W-B	25.7
YLR088W	25.7
YDL108W	25.7
YML013W	25.7
YOR175C	25.7
YDR310C	25.6
YMR046C	25.6
YHR206W	25.6
YKL207W	25.6
YML042W	25.6
YDR441C	25.6
YDR097C	25.6
YDR320C	25.6
YLR157C-B	25.6
YAL033W	25.6
YNL246W	25.5
YLR275W	25.5
YHR058C	25.5
YBR175W	25.5
YKL039W	25.5
YOR302W	25.5
YPL208W	25.4
YFL002C	25.4
YKR024C	25.4
YLR221C	25.4
YGL151W	25.3
YGL174W	25.3
YOR320C	25.3
YEL017W	25.2
YFL044C	25.2
YMR066W	25.2
YKL100C	25.2
YGR161C-D	25.2
YDL165W	25.2
YBR236C	25.1
YMR056C	25.1
YLR099W-A	25.1
YHR147C	25.1
YKL082C	25.0
YBR105C	25.0
YDR061W	25.0
YJR041C	25.0
YJL096W	25.0
YLR336C	25.0
YDL123W	25.0
YJL197W	24.9
YGR005C	24.9
YPL011C	24.9
YGR156W	24.8
YBL055C	24.8
YDR305C	24.8
YBR242W	24.8
YBL085W	24.7
YIL004C	24.7
YML061C	24.7
YHR167W	24.7
YGR194C	24.7
YCR054C	24.7
YMR310C	24.6
YLR065C	24.6
YDR221W	24.6
YDL102W	24.6
YHR187W	24.6
YDR527W	24.6
YMR139W	24.6
YKL140W	24.6
YNL139C	24.5
YPL118W	24.4
YPL125W	24.4
YLR093C	24.4
YNL256W	24.4
YBR037C	24.3
YDR248C	24.2
YOR084W	24.2
YGR010W	24.2
YGL121C	24.2
YDR494W	24.1
YCR003W	24.1
YFL047W	24.1
YHL025W	24.1
YGR174C	24.1
YLR427W	24.1
YIL104C	24.1
YHR099W	24.0
YPL001W	24.0
YOL031C	23.9
YER123W	23.9
YMR223W	23.9
YHR136C	23.9
YGL169W	23.9
YDR531W	23.8
YMR277W	23.8
YFR013W	23.8
YLR306W	23.8
YGL067W	23.8
YAL029C	23.8
YBR260C	23.8
YBL038W	23.8
YHR043C	23.8
YJL078C	23.8
YER016W	23.8
YNR033W	23.7
YDR196C	23.7
YBR020W	23.7
YML117W	23.7
YKL053C-A	23.7
YDR381C-A	23.6
YFL013C	23.6
YLR050C	23.6
YNL177C	23.6
YDR330W	23.6
YLR243W	23.6
YDR458C	23.6
YML039W	23.6
YMR004W	23.6
YBR042C	23.5
YNL091W	23.5
YOL051W	23.5
YNR026C	23.5
YKL022C	23.5
YIL157C	23.5
YLR143W	23.5
YGR241C	23.5
YKR052C	23.5
YMR016C	23.4
YOL093W	23.4
YPL139C	23.4
YGL041W-A	23.4
YHR207C	23.4
YPR040W	23.3
YPR135W	23.3
YBR200W	23.3
YIL135C	23.3
YGR113W	23.3
YOL125W	23.3
YOL124C	23.3
YML032C	23.2
YKR085C	23.2
YNR030W	23.2
YML015C	23.1
YCR038W-A	23.1
YDR163W	23.1
YKR039W	23.1
YFL023W	23.1
YML014W	23.1
YIL023C	23.1
YBR288C	23.1
YOL103W-B	23.1
YPR168W	23.0
YDR229W	23.0
YPL023C	23.0
YDR267C	23.0
YJR131W	23.0
YOR385W	23.0
YDR515W	22.9
YBR110W	22.9
YKL008C	22.9
YNR049C	22.9
YPL115C	22.9
YER018C	22.9
YMR271C	22.9
YLL018C-A	22.8
YJL102W	22.8
YDL003W	22.8
YKL061W	22.8
YDL042C	22.8
YKR088C	22.8
YBR233W-A	22.7
YPL203W	22.6
YDL101C	22.6
YPL161C	22.6
YCL055W	22.6
YIL110W	22.6
YPR051W	22.5
YDR256C	22.5
YJR091C	22.5
YMR115W	22.5
YGR220C	22.5
YPL137C	22.4
YDR302W	22.4
YHR181W	22.4
YML021C	22.4
YER161C	22.4
YKL052C	22.3
YML080W	22.3
YPR017C	22.3
YDR311W	22.3
YNL115C	22.3
YJR027W	22.2
YFR025C	22.2
YOR236W	22.2
YOL032W	22.2
YDR098C-B	22.2
YPR002W	22.1
YKL019W	22.1
YBL006C	22.1
YDR049W	22.1
YKL057C	22.0
YOR132W	22.0
YOL020W	22.0
YOR221C	22.0
YNL316C	22.0
YFL021W	22.0
YPL116W	22.0
YJL207C	22.0
YNL102W	22.0
YMR050C	22.0
YGR038C-B	21.9
YDR269C	21.9
YPL014W	21.9
YDR201W	21.9
YNL222W	21.9
YPL188W	21.9
YIL130W	21.8
YLR227W-B	21.8
YOR155C	21.8
YDR210C-D	21.8
YER074W-A	21.7
YDR379C-A	21.7
YOL060C	21.7
YOR195W	21.7
YMR263W	21.7
YEL052W	21.7
YDR144C	21.7
YML018C	21.6
YNR019W	21.6
YOR289W	21.6
YEL012W	21.6
YHR082C	21.5
YBR102C	21.5
YDR268W	21.5
YPL096W	21.5
YKL025C	21.5
YJL085W	21.5
YHR116W	21.4
YBR216C	21.4
YDR356W	21.4
YFL030W	21.4
YAL008W	21.4
YDR138W	21.3
YIL161W	21.3
YGR044C	21.3
YHR038W	21.3
YDL106C	21.3
YCR044C	21.3
YPL221W	21.2
YHR086W	21.2
YPR105C	21.2
YPL270W	21.2
YGR262C	21.1
YPL183C	21.1
YIL030C	21.0
YIL144W	21.0
YJL180C	21.0
YOR257W	21.0
YML009C	21.0
YIL084C	21.0
YDR164C	21.0
YLR095C	21.0
YPL098C	20.9
YNL026W	20.9
YJR049C	20.9
YKL047W	20.9
YPR158C-D	20.9
YNL258C	20.9
YAL026C	20.8
YER152C	20.8
YJL081C	20.8
YNL257C	20.8
YNL201C	20.8
YLR144C	20.8
YOL146W	20.8
YKR079C	20.7
YLR412W	20.7
YOL129W	20.7
YJL201W	20.7
YDR069C	20.7
YPL122C	20.6
YJR111C	20.6
YBR291C	20.6
YLR045C	20.6
YBR192W	20.6
YMR301C	20.6
YJR127C	20.6
YLR126C	20.5
YLR147C	20.5
YJL169W	20.5
YBL098W	20.4
YKR093W	20.4
YDL223C	20.4
YOR160W	20.4
YER061C	20.4
YGL086W	20.3
YBR193C	20.3
YBR207W	20.2
YOR329C	20.2
YKL173W	20.2
YLR277C	20.2
YDR493W	20.1
YOR142W-B	20.1
YLR201C	20.1
YPL247C	20.1
YOR304W	20.1
YNL129W	20.1
YDR228C	20.0
YER139C	20.0
YNL151C	20.0
YDL224C	20.0
YKR056W	19.9
YJL079C	19.9
YJR142W	19.9
YHR083W	19.9
YDR041W	19.9
YER160C	19.9
YLR430W	19.9
YPL223C	19.9
YGR029W	19.9
YBR057C	19.9
YPL087W	19.8
YJL045W	19.8
YBL105C	19.8
YOR211C	19.7
YIL121W	19.7
YBL005W-A	19.7
YGL208W	19.7
YCL026C-B	19.7
YOR373W	19.6
YKL141W	19.5
YPR188C	19.5
YNL297C	19.5
YPL175W	19.5
YKL079W	19.5
YLR319C	19.5
YLR363C	19.5
YHR110W	19.5
YLR187W	19.4
YMR134W	19.4
YDL076C	19.4
YGR014W	19.4
YNL169C	19.4
YDL222C	19.4
YDR482C	19.3
YKL051W	19.3
YML102W	19.2
YER022W	19.2
YOR311C	19.2
YNL048W	19.2
YDR428C	19.2
YHL029C	19.2
YGR117C	19.2
YML131W	19.2
YDR103W	19.1
YCL042W	19.1
YJR003C	19.1
YFR017C	19.1
YIL165C	19.0
YDR210W	19.0
YER050C	19.0
YEL066W	19.0
YGL035C	19.0
YNL103W	19.0
YGL164C	18.9
YLL038C	18.9
YNR023W	18.9
YPR184W	18.9
YIL040W	18.9
YBR012W-B	18.9
YNL167C	18.9
YHR028C	18.8
YDR040C	18.8
YDR530C	18.8
YNR037C	18.8
YDR005C	18.7
YBR187W	18.7
YKL045W	18.7
YPL144W	18.6
YAL041W	18.6
YGR028W	18.5
YNR027W	18.5
YDR246W	18.5
YKL074C	18.5
YGR076C	18.5
YBL078C	18.5
YJR118C	18.5
YNL040W	18.4
YBR215W	18.4
YDR333C	18.4
YGL128C	18.4
YGR120C	18.4
YOR026W	18.4
YGR105W	18.4
YCL012C	18.4
YBR028C	18.4
YKL218C	18.3
YFL007W	18.3
YNL245C	18.2
YIL153W	18.2
YER157W	18.1
YBR095C	18.1
YPL259C	18.1
YER166W	18.1
YLL043W	18.1
YDR122W	18.1
YDR457W	18.1
YOL071W	18.0
YGR138C	18.0
YMR041C	18.0
YLR148W	18.0
YOL087C	18.0
YNL236W	18.0
YGR024C	18.0
YIL046W	17.9
YDR376W	17.9
YLR345W	17.9
YOR125C	17.9
YGL222C	17.9
YHR034C	17.9
YER114C	17.8
YNL320W	17.8
YHL009C	17.8
YBL029C-A	17.8
YLR146C	17.8
YER149C	17.7
YBR129C	17.7
YPR131C	17.7
YNL021W	17.7
YBR167C	17.7
YLR455W	17.7
YGR281W	17.7
YNL227C	17.6
YDR166C	17.6
YPR070W	17.6
YGR286C	17.6
YDR435C	17.5
YFR003C	17.5
YLR188W	17.5
YJL161W	17.5
YJL031C	17.5
YDR446W	17.5
YHR023W	17.5
YLL012W	17.4
YBR146W	17.4
YOR087W	17.4
YJL029C	17.4
YMR165C	17.4
YGR172C	17.4
YDR301W	17.4
YBR131W	17.3
YHL020C	17.3
YNL143C	17.3
YLR071C	17.3
YOR106W	17.3
YKR100C	17.3
YER128W	17.2
YER008C	17.2
YJR083C	17.2
YJL218W	17.2
YDR262W	17.1
YFL001W	17.1
YGR017W	17.1
YIL143C	17.1
YJR084W	17.1
YJL072C	17.1
YMR227C	17.1
YDL043C	17.1
YCL032W	17.1
YNL317W	17.0
YNL051W	17.0
YPL248C	17.0
YOR174W	17.0
YNL050C	17.0
YBR290W	17.0
YBR073W	17.0
YHR162W	16.9
YJL005W	16.9
YJR031C	16.9
YBR055C	16.9
YJL019W	16.9
YOR152C	16.9
YDR352W	16.9
YBR016W	16.9
YOL075C	16.8
YML112W	16.8
YCL052C	16.8
YLR226W	16.8
YNL027W	16.8
YBR229C	16.8
YGR097W	16.8
YLR116W	16.7
YDL133W	16.7
YBR022W	16.7
YBR176W	16.7
YKR028W	16.7
YNL119W	16.7
YBR195C	16.6
YPR066W	16.6
YCL029C	16.6
YDR406W	16.6
YKR055W	16.6
YBL046W	16.5
YOL066C	16.5
YGR198W	16.5
YGR033C	16.5
YNL224C	16.5
YNL041C	16.5
YOR062C	16.5
YNL298W	16.5
YIL079C	16.5
YKR090W	16.5
YDL207W	16.5
YIL103W	16.5
YLR097C	16.4
YCR063W	16.4
YHR123W	16.4
YMR313C	16.4
YPL233W	16.4
YPR097W	16.4
YIL026C	16.4
YNL199C	16.3
YER175C	16.3
YPL162C	16.3
YER183C	16.3
YFL017W-A	16.3
YIL098C	16.2
YLR450W	16.2
YGL044C	16.2
YPL120W	16.2
YJR130C	16.2
YLR373C	16.2
YHR016C	16.2
YGR065C	16.1
YJR055W	16.1
YBL054W	16.1
YBR023C	16.1
YMR140W	16.1
YOL069W	16.0
YOL152W	16.0
YPL153C	16.0
YKR023W	16.0
YNL190W	16.0
YBR117C	16.0
YIL150C	15.9
YBR272C	15.9
YOL135C	15.9
YML082W	15.9
YGL006W	15.9
YGR163W	15.9
YOL065C	15.8
YGR196C	15.8
YLR284C	15.8
YLR215C	15.8
YIL019W	15.8
YHR144C	15.8
YDR499W	15.8
YER163C	15.8
YMR247C	15.8
YLL014W	15.7
YGL098W	15.7
YDL030W	15.7
YHR073W	15.7
YPR174C	15.7
YLR170C	15.7
YGR246C	15.7
YHR149C	15.7
YMR113W	15.6
YER172C	15.6
YDR334W	15.6
YAR027W	15.6
YJR134C	15.6
YJL112W	15.6
YMR060C	15.5
YIL090W	15.5
YLR084C	15.5
YEL044W	15.5
YPL100W	15.5
YMR104C	15.5
YHR198C	15.5
YBR179C	15.5
YDR498C	15.5
YGL050W	15.4
YBL103C	15.4
YJL084C	15.4
YOR246C	15.4
YOL096C	15.4
YPR018W	15.4
YJR062C	15.4
YJR019C	15.3
YER176W	15.3
YOR352W	15.3
YDL230W	15.3
YDR096W	15.3
YDL006W	15.3
YGL155W	15.3
YPR008W	15.3
YJL155C	15.2
YPR161C	15.2
YJL073W	15.2
YDR140W	15.2
YLR390W	15.2
YHR045W	15.2
YDR089W	15.2
YPL249C	15.2
YPL171C	15.2
YDL156W	15.1
YHR209W	15.1
YDR331W	15.1
YDL175C	15.1
YMR135C	15.0
YPR082C	15.0
YML060W	15.0
YDR123C	15.0
YKL165C	15.0
YKL116C	15.0
YIL149C	14.9
YMR267W	14.9
YGR177C	14.9
YJL062W-A	14.9
YMR284W	14.9
YGL084C	14.9
YML114C	14.9
YPR067W	14.8
YAL034W-A	14.8
YER059W	14.8
YPR055W	14.8
YOR250C	14.8
YLR442C	14.8
YGL133W	14.7
YNL233W	14.7
YBR258C	14.7
YBR289W	14.7
YOL156W	14.7
YGL023C	14.7
YPR079W	14.7
YDL234C	14.6
YGL119W	14.6
YPL140C	14.6
YNR024W	14.6
YMR075C-A	14.6
YLR437C	14.6
YGR270W	14.5
YPL022W	14.5
YPR089W	14.5
YDR021W	14.5
YOL130W	14.5
YJR099W	14.5
YOR006C	14.4
YNR010W	14.4
YKL075C	14.4
YGR109W-A	14.4
YGL004C	14.4
YMR209C	14.4
YCR075W-A	14.4
YKR029C	14.4
YOR038C	14.4
YPR032W	14.4
YOR118W	14.3
YOR020W-A	14.3
YER019W	14.3
YBL037W	14.3
YGL227W	14.3
YOR238W	14.3
YOR336W	14.2
YNR007C	14.2
YPR045C	14.2
YOL108C	14.1
YPR155C	14.1
YNL047C	14.1
YJL044C	14.1
YDR237W	14.1
YGR100W	14.0
YLR393W	14.0
YPR179C	14.0
YLR096W	14.0
YMR258C	14.0
YKR030W	14.0
YPL099C	14.0
YGR049W	14.0
YNR028W	13.9
YDR108W	13.9
YNL081C	13.9
YGR030C	13.9
YMR233W	13.9
YKL159C	13.9
YDR389W	13.9
YDR512C	13.9
YDR261C	13.9
YDR093W	13.8
YGR093W	13.8
YER058W	13.8
YHR059W	13.8
YNL214W	13.8
YPL173W	13.7
YEL020C	13.7
YHR142W	13.7
YHL012W	13.7
YFR021W	13.7
YML034W	13.7
YOR214C	13.6
YHR017W	13.6
YKL055C	13.6
YNL328C	13.6
YKL139W	13.6
YPL213W	13.6
YMR021C	13.6
YMR289W	13.6
YIL082W	13.6
YCR059C	13.6
YJR005W	13.6
YNL283C	13.6
YPL069C	13.6
YNL130C	13.5
YGL159W	13.5
YJL168C	13.5
YBR065C	13.5
YAL022C	13.5
YPL038W	13.5
YMR319C	13.5
YPL183W-A	13.5
YGL073W	13.5
YNL291C	13.5
YMR026C	13.5
YPL097W	13.5
YPL193W	13.5
YML059C	13.5
YKR083C	13.5
YOR353C	13.4
YPR085C	13.4
YMR231W	13.4
YMR075W	13.4
YNL262W	13.4
YCL014W	13.4
YPR081C	13.3
YPL055C	13.3
YCL039W	13.3
YAR028W	13.3
YNL238W	13.3
YGL091C	13.3
YKR087C	13.2
YNR047W	13.2
YGR056W	13.2
YDR124W	13.2
YPL123C	13.2
YGR251W	13.2
YOR054C	13.2
YKL092C	13.2
YGL223C	13.2
YDL159W	13.2
YLR020C	13.2
YNL217W	13.2
YMR112C	13.1
YOR111W	13.1
YHR040W	13.1
YDR057W	13.1
YKL023W	13.1
YGL126W	13.1
YLL027W	13.1
YDL045C	13.1
YDR079C-A	13.1
YMR228W	13.1
YBR295W	13.0
YDR105C	13.0
YAL058W	13.0
YGR122W	13.0
YHR077C	13.0
YLL032C	13.0
YGL017W	13.0
YGL005C	13.0
YDR207C	13.0
YGR003W	12.9
YIL047C	12.9
YIL117C	12.9
YJL062W	12.9
YGR222W	12.9
YDR003W	12.9
YNL133C	12.9
YOR179C	12.8
YER024W	12.8
YPR107C	12.8
YIR010W	12.8
YCR015C	12.8
YGL186C	12.8
YLR130C	12.8
YLR079W	12.8
YLR440C	12.8
YOR104W	12.8
YNL263C	12.8
YLR403W	12.8
YGR072W	12.8
YGL108C	12.8
YNL063W	12.8
YGL110C	12.8
YCR017C	12.8
YDL070W	12.8
YKL155C	12.8
YDR279W	12.8
YLR190W	12.7
YGR133W	12.7
YNL267W	12.7
YPR175W	12.7
YMR073C	12.7
YOR018W	12.7
YPL057C	12.7
YBL101C	12.7
YNL152W	12.6
YCR076C	12.6
YGL139W	12.6
YGR112W	12.6
YKL175W	12.6
YEL018W	12.6
YDR227W	12.6
YGR002C	12.6
YER169W	12.5
YAR050W	12.5
YGL184C	12.5
YKL209C	12.5
YDR295C	12.5
YML113W	12.5
YJR092W	12.5
Q0045	12.5
YML038C	12.5
YBR197C	12.5
YKR076W	12.5
YBL093C	12.5
YGR184C	12.4
YLL031C	12.4
YNL032W	12.4
YAL017W	12.4
YNL065W	12.4
YIL048W	12.4
YMR054W	12.4
YLR396C	12.4
YBR173C	12.4
YOR035C	12.4
YNL097C	12.3
YGR129W	12.3
YOL055C	12.3
YML065W	12.3
YKR027W	12.3
YPR147C	12.3
YIL146C	12.3
YER035W	12.2
YDR316W	12.2
YGL241W	12.2
YDR480W	12.2
YDR456W	12.1
YOR337W	12.1
YDR400W	12.1
YNR048W	12.1
YOL019W	12.1
YIL088C	12.1
YDR484W	12.1
YOR233W	12.1
YDR162C	12.1
YHR115C	12.1
YJL187C	12.1
YMR219W	12.0
YOL081W	12.0
YEL043W	12.0
YPL214C	12.0
YPL186C	12.0
YIL057C	12.0
YDR007W	12.0
YJR050W	12.0
YPR048W	12.0
YGL194C	11.9
YGL166W	11.9
YMR288W	11.9
YGL093W	11.9
YPR006C	11.9
YHR056C	11.9
YOR244W	11.9
YML095C	11.9
YOR194C	11.9
YNR012W	11.9
YOL062C	11.9
YML091C	11.9
YGL156W	11.9
YHR212C	11.8
YGL256W	11.8
YHR119W	11.8
YDR159W	11.8
YFR031C	11.8
YKL042W	11.8
YEL048C	11.8
YGR271W	11.8
YNL271C	11.8
YNL076W	11.8
YPL016W	11.8
YHR154W	11.7
YDR308C	11.7
YDR020C	11.7
YBL090W	11.7
YIL031W	11.7
YIL096C	11.7
YDR473C	11.7
YBR132C	11.7
YGL233W	11.7
YDR088C	11.7
YCR010C	11.7
YAL061W	11.7
YJL212C	11.6
YKR010C	11.6
YFR018C	11.6
YBL084C	11.6
YBR185C	11.6
YDR039C	11.6
YML098W	11.6
YNL250W	11.6
YLR299W	11.6
YPR111W	11.6
YOL054W	11.6
YLR001C	11.5
YPR047W	11.5
YDR111C	11.5
YDL059C	11.5
YDR452W	11.5
YKL174C	11.5
YMR102C	11.5
YHR165C	11.5
YDL098C	11.5
YPL026C	11.4
YDL217C	11.4
YDR532C	11.4
YHR195W	11.4
YDR287W	11.4
YMR010W	11.4
YMR048W	11.4
YOL023W	11.3
YJR097W	11.3
YNL068C	11.3
YHR101C	11.3
YPL124W	11.3
YOR328W	11.3
YER078C	11.3
YBR233W	11.3
YAR009C	11.3
YOR290C	11.3
YGR068C	11.3
YGR295C	11.3
YCL016C	11.3
YLR405W	11.3
YKR089C	11.2
YDR362C	11.2
YOR248W	11.2
YDR329C	11.2
YLR310C	11.2
YNL336W	11.2
YCR095C	11.2
YDR470C	11.2
YHR102W	11.2
YLR240W	11.2
YPR001W	11.2
YOL008W	11.2
YPL180W	11.2
YHR004C	11.2
YDL189W	11.2
YAL032C	11.2
YDR320C-A	11.1
YML029W	11.1
YDL160C-A	11.1
YKL049C	11.1
YEL073C	11.1
YLR005W	11.1
YJL198W	11.1
YHR036W	11.1
YNL039W	11.1
YBR074W	11.1
YIL042C	11.1
YDL115C	11.1
YKR022C	11.1
YIR005W	11.1
YPL045W	11.0
YPL006W	11.0
YAL011W	11.0
YDR307W	11.0
YIR024C	11.0
YPR104C	11.0
YBR246W	10.9
YGL083W	10.9
YDR202C	10.9
YDL113C	10.9
YDR283C	10.9
YNR014W	10.9
YPR042C	10.8
YOR201C	10.8
YGL013C	10.8
YNL072W	10.8
YJR147W	10.8
YKL062W	10.8
YBL086C	10.8
YBR152W	10.8
YDR423C	10.8
YJL004C	10.8
YPL281C	10.8
YJR087W	10.8
YMR144W	10.8
YJL141C	10.8
YIR023W	10.8
YDR079W	10.7
YGL250W	10.7
YKL183W	10.7
YLR191W	10.7
YLR115W	10.7
YGR036C	10.7
YLR168C	10.7
YDR130C	10.7
YFR007W	10.6
YEL009C	10.6
YHR103W	10.6
YDR410C	10.6
YIL068C	10.6
YOR322C	10.6
YGL010W	10.6
YBR264C	10.6
YPL152W	10.6
YBR133C	10.5
YIL095W	10.5
YGR201C	10.5
YBR161W	10.5
YGL143C	10.5
YDL090C	10.5
YOL045W	10.5
YKR037C	10.5
YOR275C	10.5
YOR266W	10.5
YOR299W	10.5
YOL072W	10.5
YMR168C	10.4
YKL168C	10.4
YKL197C	10.4
YBR125C	10.4
YDR436W	10.4
YDR464C-A	10.4
YML019W	10.4
YMR003W	10.4
YJR067C	10.4
YNL282W	10.4
YER071C	10.4
YGR150C	10.4
YOR119C	10.3
YFL011W	10.3
YDR240C	10.3
YKL184W	10.3
YNL284C-B	10.3
YIL140W	10.3
YMR044W	10.3
YER101C	10.3
YBL104C	10.3
YOR140W	10.3
YNL278W	10.3
YDR244W	10.3
YFL049W	10.2
YLR271W	10.2
YOR274W	10.2
YDR247W	10.2
YKL078W	10.2
YLR138W	10.2
YOR393W	10.2
YJR046W	10.2
YMR045C	10.2
YOL007C	10.2
YML116W	10.2
YIR021W	10.2
YLR006C	10.2
YJR056C	10.1
YDR081C	10.1
YLR077W	10.1
YLR256W	10.1
YNL325C	10.1
YNR009W	10.1
YPR119W	10.1
YGL197W	10.1
YGR006W	10.1
YOR147W	10.1
YLR139C	10.1
YFL046W	10.1
YML121W	10.1
YOL033W	10.0
YDR326C	10.0
YNL073W	10.0
YNL106C	9.98
YOR050C	9.98
YDR027C	9.97
YFR039C	9.95
YPL070W	9.94
YGR021W	9.93
YAL009W	9.93
YKL203C	9.92
YGL198W	9.87
YLR177W	9.87
YJL065C	9.87
YNL230C	9.86
YNL023C	9.86
YDR422C	9.86
YJL016W	9.84
YOR036W	9.82
YPR011C	9.82
YDR265W	9.8
YNL309W	9.78
YOR002W	9.78
YDL119C	9.78
YMR028W	9.77
YBR211C	9.77
YML011C	9.76
YMR020W	9.75
YLL015W	9.75
YMR182C	9.73
YGR047C	9.71
YBR083W	9.71
YCR067C	9.68
YOR075W	9.66
YGL127C	9.66
YER040W	9.66
YPR138C	9.65
YMR323W	9.65
YML046W	9.64
YNL107W	9.64
YDR204W	9.63
YER150W	9.63
YIL003W	9.61
YPR075C	9.61
YNL056W	9.61
YAL053W	9.6
YOR371C	9.6
YLR086W	9.6
YML111W	9.57
YDR147W	9.56
YCR033W	9.55
YAR008W	9.55
YJR058C	9.55
YBR108W	9.51
YHL038C	9.51
YLR237W	9.51
YGL057C	9.51
YGR121C	9.48
YOR287C	9.48
YML020W	9.45
YIL050W	9.45
YNR025C	9.44
YDL044C	9.44
YBR024W	9.44
YDR252W	9.44
YBL067C	9.42
YPR140W	9.41
YGL141W	9.41
YLR019W	9.4
YFR048W	9.4
YLR218C	9.39
YDL017W	9.39
YOR247W	9.37
YBR030W	9.37
YJL131C	9.36
YOL102C	9.36
YER087W	9.36
YKR020W	9.35
YMR177W	9.35
YNR008W	9.33
YGR276C	9.32
YMR262W	9.31
YIL119C	9.3
YKR031C	9.3
YGR243W	9.3
YNL192W	9.29
YML007C-A	9.25
YOR077W	9.25
YJR015W	9.24
YPL017C	9.24
YKR036C	9.23
YPL241C	9.23
YMR084W	9.22
YPL029W	9.21
YBL107C	9.2
YGR075C	9.18
YGR071C	9.17
YOL134C	9.16
YOR227W	9.15
YBR285W	9.14
YHR172W	9.12
YPL074W	9.1
YPL181W	9.1
YFL024C	9.09
YGR125W	9.08
YLR063W	9.08
YMR078C	9.07
YNL116W	9.07
YDL209C	9.06
YAL013W	9.04
YJR066W	9.04
YJL049W	9.01
YLR125W	8.98
YHR139C	8.98
YKR078W	8.98
YFR034C	8.97
YGR179C	8.95
YJR044C	8.95
YCR094W	8.95
YJL165C	8.95
YFR045W	8.95
YPR178W	8.94
YHR006W	8.93
YMR001C	8.93
YFR005C	8.92
YLR315W	8.91
YKL134C	8.91
YFL031W	8.91
YDR110W	8.9
YMR275C	8.89
YJL127C	8.89
YPR036W-A	8.88
YER113C	8.88
YLR021W	8.87
YCR042C	8.87
YLR011W	8.85
YPR098C	8.85
YBL095W	8.84
YKR099W	8.84
YBR278W	8.84
YHR161C	8.84
YOR083W	8.82
YER084W	8.81
YLR107W	8.81
YOR081C	8.8
YDR239C	8.79
YOR044W	8.79
YPL020C	8.78
YNL304W	8.78
YJR001W	8.77
YBR005W	8.77
YHL024W	8.76
YOR291W	8.75
YER093C-A	8.75
YGL021W	8.74
YLR253W	8.72
YOL138C	8.7
YJR008W	8.69
YBL034C	8.68
YPL191C	8.67
YHR118C	8.67
YLR289W	8.66
YGL185C	8.66
YJR033C	8.66
YMR030W	8.65
YOR377W	8.64
YCR008W	8.64
YOR358W	8.63
YJL091C	8.63
YOR355W	8.62
YIL085C	8.62
YOL078W	8.61
YPR171W	8.61
YGL161C	8.61
YDL056W	8.6
YBL074C	8.6
YNL277W	8.58
YOR321W	8.57
YLR422W	8.56
YNL046W	8.55
YGR288W	8.55
YDR179C	8.54
YOL095C	8.54
YLR460C	8.54
YKL105C	8.53
YNL003C	8.53
YNR074C	8.52
YKL050C	8.52
YBR188C	8.52
YLR385C	8.47
YLR223C	8.46
YJL203W	8.46
YDR243C	8.45
YBR238C	8.44
YDL048C	8.44
YML096W	8.43
YDR440W	8.43
YGR046W	8.42
YHR096C	8.41
YIL061C	8.41
YLR362W	8.4
YIL056W	8.39
YDR359C	8.35
YAR019C	8.34
YDR067C	8.32
YDR080W	8.32
YKL064W	8.31
YHR067W	8.31
YIL122W	8.3
YOR070C	8.29
YNL225C	8.29
YOR073W	8.29
YHR092C	8.29
YOR113W	8.27
YOL105C	8.26
YBL021C	8.26
YMR077C	8.25
YER132C	8.25
YJL146W	8.24
YLR119W	8.23
YBL018C	8.22
YJL006C	8.22
YAR003W	8.21
YJR071W	8.21
YAL031C	8.2
YDR468C	8.19
YDR038C	8.18
YER013W	8.17
YGR126W	8.16
YMR171C	8.16
YGR269W	8.15
YLR352W	8.15
YFL042C	8.13
YGL053W	8.12
YIL077C	8.11
YKL149C	8.11
YGR004W	8.1
YPL138C	8.1
YLR154C	8.09
YBL005W-B	8.08
YML005W	8.07
YOL141W	8.06
YGL216W	8.06
YLR154W-E	8.04
YPL104W	8.03
YHL018W	8.02
YPL075W	8.02
YIL134C-A	7.99
YJR006W	7.98
YDR181C	7.97
YDR479C	7.95
YPR167C	7.95
YFL029C	7.93
YDR090C	7.92
YMR107W	7.92
YDL091C	7.92
YGR278W	7.91
YPL267W	7.91
YNL011C	7.9
YPR115W	7.87
YLR085C	7.87
YMR281W	7.85
YJR043C	7.85
YEL029C	7.85
YKL012W	7.84
YNL329C	7.84
YOR205C	7.84
YNL305C	7.83
YKR054C	7.83
YBR140C	7.83
YER111C	7.83
YLR131C	7.82
YBR070C	7.82
YDR013W	7.82
YMR201C	7.82
YLR108C	7.81
YOR060C	7.81
YPL196W	7.8
YOR154W	7.8
YCR028C	7.79
YMR287C	7.78
YLR260W	7.78
YML076C	7.77
YLR082C	7.77
YKL005C	7.76
YLR094C	7.76
YLL004W	7.75
YER129W	7.75
YOL107W	7.74
YJL209W	7.73
YOR381W-A	7.73
YPR152C	7.73
YKL188C	7.71
YPL155C	7.71
YAL047C	7.7
YNL221C	7.7
YML107C	7.69
YGL140C	7.68
YKL086W	7.67
YDR219C	7.67
YGR169C	7.65
YDR208W	7.64
YMR172W	7.63
YGL117W	7.59
YGL260W	7.58
YHR090C	7.58
YPL141C	7.57
YDL001W	7.55
YGR091W	7.54
YPL107W	7.54
YCR018C	7.54
YOR076C	7.53
YMR253C	7.52
YIL014W	7.52
YMR150C	7.5
YJL204C	7.5
YJR011C	7.49
YGL060W	7.48
YEL053C	7.48
YDR425W	7.47
YDR173C	7.47
YEL019C	7.46
YJR013W	7.46
YBL008W	7.46
YCL047C	7.45
YLR436C	7.45
YLR072W	7.45
YLL006W	7.45
YDL114W	7.45
YMR234W	7.44
YKR086W	7.44
YOR342C	7.44
YKL087C	7.43
YOR161C	7.43
YDL085W	7.43
YDL109C	7.42
YOL013C	7.42
YDR325W	7.42
YLR032W	7.42
YOR349W	7.42
YJR138W	7.41
YDR415C	7.4
YJL133W	7.4
YDL008W	7.4
YNL218W	7.39
YOL159C-A	7.39
YKL185W	7.39
YGR149W	7.38
YPL083C	7.37
YFL027C	7.37
YIL159W	7.36
YGR143W	7.36
YMR316W	7.36
YLR189C	7.35
YDL087C	7.35
YBR157C	7.34
YLL062C	7.33
YFL058W	7.32
YBR271W	7.32
YOR339C	7.3
YBL080C	7.3
YDL172C	7.3
YBL010C	7.3
YLR039C	7.29
YKL003C	7.29
YGL094C	7.28
YDR235W	7.27
YNL125C	7.27
YHL032C	7.27
YBL005W	7.26
YDR383C	7.26
YGL165C	7.25
YLR382C	7.25
YJL030W	7.25
YDR006C	7.24
YDR137W	7.23
YBR104W	7.23
YJL110C	7.23
YLR015W	7.23
YOR297C	7.23
YBR241C	7.22
YPL222W	7.21
YDR364C	7.2
YDR206W	7.19
YJL139C	7.18
YLR377C	7.16
YDR485C	7.14
YDR309C	7.13
YAL001C	7.11
YKL146W	7.1
YDR379W	7.09
YMR147W	7.09
YOR059C	7.09
YGR171C	7.08
YPL042C	7.07
YDL057W	7.05
YBR254C	7.04
YML050W	7.04
YDR216W	7.04
YJR082C	7.04
YML081W	7.02
YGL237C	7.01
YHL048W	7.01
YDR524C	7.0
YHL014C	7.0
YLR298C	6.99
YOR307C	6.97
YBL097W	6.96
YCR069W	6.96
YML006C	6.96
YLR305C	6.96
YMR175W	6.94
YHR166C	6.93
YGL090W	6.91
YBR274W	6.9
YIR007W	6.9
YDR146C	6.9
YBR237W	6.88
YGL045W	6.87
YIL112W	6.87
YKL189W	6.87
YDR034W-B	6.86
YJR122W	6.85
YPL167C	6.85
YER047C	6.84
YPL018W	6.84
YLR361C	6.83
YOR264W	6.82
YGR013W	6.82
YGR206W	6.81
YPL166W	6.8
YLR316C	6.79
YER162C	6.79
YLR035C-A	6.79
YML109W	6.78
YIL097W	6.76
YML027W	6.76
YNL124W	6.75
YOR037W	6.75
YHL027W	6.75
YNL127W	6.75
YLR375W	6.74
YNL165W	6.72
YMR207C	6.72
YEL065W	6.7
YNL020C	6.67
YDR490C	6.65
YOR350C	6.64
YNL326C	6.64
YER180C-A	6.64
YBR231C	6.63
YGL075C	6.63
YDR210W-B	6.63
YLR272C	6.62
YKR013W	6.62
YPL007C	6.62
YPL064C	6.6
YNL293W	6.6
YLR457C	6.6
YDR402C	6.6
YDR439W	6.59
YIL017C	6.59
YGR237C	6.59
YDL035C	6.59
YGR223C	6.58
YMR032W	6.58
YGL036W	6.56
YEL016C	6.56
YNR055C	6.56
YDR313C	6.56
YPL065W	6.56
YAL028W	6.56
YGL180W	6.56
YNR020C	6.55
YIR009W	6.55
YDR363W	6.55
YDR075W	6.55
YDR034C	6.55
YML037C	6.53
YDR349C	6.52
YOR023C	6.52
YBR033W	6.52
YDL203C	6.52
YMR068W	6.52
YHR175W	6.51
YOR284W	6.5
YDL028C	6.5
YOL042W	6.49
YHR109W	6.49
YML041C	6.49
YLR105C	6.48
YMR167W	6.47
YDR205W	6.47
YMR221C	6.46
YPL046C	6.45
YOR308C	6.44
YMR007W	6.44
YGR263C	6.44
YLR454W	6.43
YOR279C	6.43
YOR137C	6.42
YPL051W	6.41
YDL089W	6.4
YDL013W	6.4
YML119W	6.39
YDR222W	6.36
YNL086W	6.36
YGR161C	6.35
YNL273W	6.34
YLR194C	6.34
YAL055W	6.33
YPL089C	6.33
YBR194W	6.32
YCR068W	6.32
YMR088C	6.32
YAR023C	6.32
YKL018C-A	6.31
YGR102C	6.31
YDR253C	6.3
YGR268C	6.3
YOL044W	6.29
YNR031C	6.27
YDR183W	6.27
YGR166W	6.26
YPL253C	6.26
YPL163C	6.25
YOR213C	6.25
YMR282C	6.24
YPL062W	6.21
YGL229C	6.2
YNL242W	6.2
YDR444W	6.2
YMR232W	6.2
YKL026C	6.19
YOL018C	6.19
YLR278C	6.18
YHL035C	6.17
YIL114C	6.17
YNR011C	6.17
YER170W	6.17
YJL071W	6.16
YCL020W	6.16
YDR488C	6.15
YMR218C	6.15
YCR037C	6.14
YJL157C	6.14
YOL073C	6.13
YPL024W	6.11
YNL195C	6.11
YFR008W	6.11
YNL286W	6.1
YDR371C-A	6.1
YKL011C	6.09
YPL133C	6.08
YNR032W	6.08
YHR100C	6.07
YMR179W	6.07
YBR019C	6.06
YHR057C	6.06
YHR075C	6.06
YHR011W	6.05
YNL078W	6.05
YGL254W	6.05
YAL051W	6.04
YOR011W	6.04
YGR140W	6.02
YPL229W	6.01
YBR162W-A	6.0
YOR192C-A	6.0
YOL082W	6.0
YLR137W	6.0
YBR213W	6.0
YDR255C	5.98
YDL077C	5.98
YOR156C	5.97
YMR132C	5.95
YNR057C	5.95
YDL117W	5.94
YEL014C	5.93
YDL032W	5.92
YPR065W	5.91
YPL172C	5.91
YCR026C	5.9
YPL256C	5.89
YJL092W	5.89
YDR407C	5.88
YPL177C	5.88
YJL070C	5.88
YPR057W	5.87
YOR017W	5.87
YDR495C	5.86
YLR417W	5.85
YNL024C	5.85
YDR409W	5.85
YBR210W	5.83
YDL107W	5.82
YLR371W	5.82
YGR089W	5.82
YOR348C	5.82
YIR015W	5.81
YPL080C	5.81
YPR014C	5.8
YGL230C	5.78
YOL100W	5.77
YER011W	5.77
YBR060C	5.76
YDR475C	5.76
YFR046C	5.75
YLR410W-A	5.75
YDR261W-A	5.74
YMR270C	5.73
YCR092C	5.73
YAL014C	5.73
YLR383W	5.72
YPL109C	5.71
YJL137C	5.71
YBL111C	5.71
YKL187C	5.7
YCL061C	5.69
YOR330C	5.69
YOL034W	5.69
YOL116W	5.68
YDR118W	5.68
YNL321W	5.68
YDR180W	5.68
YPL040C	5.68
YJL059W	5.67
YNR039C	5.64
YNL094W	5.62
YBR158W	5.62
YLR236C	5.62
YCR065W	5.61
YOL113W	5.61
YOR386W	5.61
YFL062W	5.61
YML088W	5.61
YDR291W	5.61
YGL071W	5.6
YGR101W	5.6
YDR520C	5.6
YLR073C	5.6
YDR357C	5.6
YIL129C	5.59
YBR296C	5.59
YBL096C	5.58
YDR119W-A	5.58
YGL209W	5.58
YNR044W	5.58
YAL010C	5.57
YGR161W-A	5.57
YKL065W-A	5.56
YJR102C	5.56
YGL134W	5.55
YBR119W	5.54
YLR228C	5.53
YHR156C	5.53
YPL219W	5.52
YDR034C-C	5.52
YBR001C	5.51
YDR186C	5.5
YMR240C	5.49
YBR204C	5.49
YMR213W	5.49
YOR245C	5.48
YLL061W	5.47
YBL082C	5.47
YMR293C	5.46
YNL223W	5.46
YGL163C	5.45
YER054C	5.43
YFL002W-B	5.43
YDR464W	5.43
YPR186C	5.43
YDR213W	5.43
YJR100C	5.41
YGL248W	5.41
YDL220C	5.41
YLL002W	5.4
YOR344C	5.39
YLR224W	5.39
YLR193C	5.39
YPL250C	5.38
YDR132C	5.37
YDR371W	5.37
YGR258C	5.36
YMR195W	5.34
YDR323C	5.32
YBR293W	5.32
YGL064C	5.31
YDL139C	5.31
YDR052C	5.31
YPR185W	5.31
YBL100W-A	5.31
YDR528W	5.31
YDR489W	5.3
YNL054W	5.3
YKL084W	5.3
YER064C	5.3
YBL020W	5.29
YLR142W	5.28
YLR281C	5.28
YBR225W	5.28
YBR043C	5.27
YJR078W	5.26
YDR210W-A	5.25
YDL240W	5.25
YDL216C	5.24
YOL011W	5.23
YLR080W	5.23
YIR002C	5.22
YAR035W	5.21
YJR040W	5.21
YJR098C	5.21
YGL240W	5.2
YPL088W	5.19
YFL034W	5.19
YER005W	5.18
YLL058W	5.18
YJL058C	5.16
YDR461C-A	5.16
YNL148C	5.16
YEL025C	5.16
YKL048C	5.15
YPR134W	5.15
YLR239C	5.15
YNL095C	5.14
YDL177C	5.14
YLR207W	5.13
YML051W	5.13
YMR273C	5.13
YKL108W	5.12
YDR026C	5.12
YML077W	5.11
YGL116W	5.1
YGL124C	5.1
YHR061C	5.1
YBR018C	5.08
YNL193W	5.07
YDL146W	5.06
YGR058W	5.06
YHL023C	5.06
YLR254C	5.05
YPR176C	5.05
YJR052W	5.05
YML084W	5.04
YPL194W	5.04
YMR204C	5.04
YLR176C	5.03
YBL052C	5.03
YLL003W	5.03
YBR013C	5.03
YJR110W	5.03
YLL007C	5.03
YDR072C	5.03
YOR343W-A	5.01
YNL240C	5.01
YMR006C	5.01
YIL158W	5.01
YCR032W	5.01
YER153C	5.0
YOL048C	4.99
YDR318W	4.99
YKR011C	4.98
YDL149W	4.98
YJL090C	4.98
YJL175W	4.97
YKR075C	4.97
YHR044C	4.97
YMR160W	4.97
YMR052W	4.96
YDR538W	4.96
YHR186C	4.94
YJL210W	4.93
YLL060C	4.93
YGL236C	4.92
YOL068C	4.92
YLR117C	4.92
YAL042C-A	4.91
YKL017C	4.9
YOR228C	4.9
YHR120W	4.9
YLR103C	4.9
YOR058C	4.9
YBR163W	4.89
YDR416W	4.88
YNL080C	4.88
YHL026C	4.87
YLR392C	4.87
YPR141C	4.85
YDL170W	4.84
YOR316C-A	4.84
YLR424W	4.83
YBR098W	4.83
YER147C	4.82
YPL255W	4.82
YGR289C	4.81
YOR363C	4.81
YLR282C	4.81
YKL101W	4.8
YLR016C	4.78
YOL086W-A	4.78
YPR059C	4.78
YLL056C	4.78
YKL138C-A	4.77
YIL156W	4.76
YOL103W	4.75
YJL134W	4.75
YGR238C	4.75
YDR197W	4.74
YHR129C	4.73
YNL253W	4.73
YOL137W	4.73
YJL047C	4.73
YMR119W	4.72
YLR404W	4.72
YLR323C	4.72
YOR256C	4.72
YGL079W	4.7
YJL103C	4.69
YMR114C	4.69
YPR049C	4.69
YLR024C	4.68
YOR022C	4.68
YHR063W-A	4.67
YBR071W	4.67
YJR119C	4.66
YCR048W	4.66
YLR326W	4.66
YBR007C	4.66
YJL013C	4.65
YDL027C	4.64
YNL142W	4.64
YMR268C	4.64
YMR019W	4.64
YOR161C-C	4.63
YPR101W	4.63
YBR275C	4.63
YPL224C	4.62
YKL161C	4.62
YFL033C	4.61
YDR386W	4.61
YOL089C	4.61
YOL112W	4.6
YNL136W	4.6
YDR443C	4.6
YCR024C	4.6
YOL155C	4.6
YNL311C	4.59
YJL095W	4.58
YNL299W	4.58
YNL093W	4.57
YNL275W	4.57
YHR033W	4.56
YDR066C	4.53
YEL033W	4.53
YLR451W	4.53
YDR200C	4.52
YER179W	4.52
YDR073W	4.52
YPL060W	4.5
YDR503C	4.5
YIL067C	4.5
YHR155W	4.5
YOR372C	4.5
YLR035C	4.49
YHR199C-A	4.49
YKR045C	4.49
YBR107C	4.49
YDR217C	4.47
YHL019C	4.47
YDR288W	4.47
YIL045W	4.46
YOR388C	4.46
YKR021W	4.46
YNL053W	4.45
YGR134W	4.44
YMR111C	4.44
YJR140C	4.43
YPR122W	4.42
YLR453C	4.41
YAL056W	4.41
YNL042W	4.41
YLR141W	4.4
YLR408C	4.4
YCR082W	4.39
YJR116W	4.39
YDR275W	4.37
YLR070C	4.37
YLR127C	4.37
YCR081W	4.35
YBR040W	4.34
YNL146W	4.34
YAL027W	4.34
YER033C	4.33
YJL056C	4.32
YNL213C	4.31
YBL059W	4.31
YGL069C	4.31
YOR148C	4.31
YJR053W	4.3
YFR036W	4.29
YOL028C	4.29
YLR267W	4.28
YPR061C	4.28
YCL024W	4.27
YJL126W	4.27
YER075C	4.27
YDL033C	4.26
YGR127W	4.26
YDR014W	4.26
YDL211C	4.25
YDL155W	4.24
YMR098C	4.24
YPL005W	4.24
YKL121W	4.24
YOL053W	4.24
YBR156C	4.24
YNR063W	4.23
YDR259C	4.23
YGR292W	4.23
YDR107C	4.22
YPL076W	4.22
YDL073W	4.2
YMR162C	4.2
YPR116W	4.19
YML043C	4.19
YIR033W	4.18
YPL168W	4.18
YHR152W	4.18
YPR083W	4.18
YNL172W	4.17
YER142C	4.17
YLR183C	4.16
YER167W	4.16
YOR231W	4.16
YNL234W	4.15
YCR061W	4.15
YJR136C	4.13
YGL247W	4.12
YPL103C	4.12
YIR017C	4.12
YOL083W	4.11
YLR121C	4.11
YDR426C	4.11
YNL077W	4.11
YER137C	4.1
YER124C	4.1
YDR463W	4.09
YNL333W	4.09
YJL099W	4.09
YHR105W	4.09
YKL015W	4.08
YNL164C	4.07
YHR014W	4.06
YLL049W	4.06
YGL219C	4.06
YGR151C	4.05
YEL006W	4.05
YJL025W	4.05
YBL013W	4.05
YGR099W	4.04
YLR204W	4.04
YMR194C-B	4.04
YPL108W	4.04
YPR031W	4.04
YJL048C	4.04
YLR087C	4.04
YMR211W	4.03
YJR054W	4.03
YKL171W	4.03
YOR180C	4.03
YER173W	4.02
YDL045W-A	4.02
YDR270W	4.02
YOR040W	4.02
YLR431C	4.01
YMR159C	4.0
YJL107C	4.0
YLR426W	4.0
YBR150C	4.0
YIL147C	3.99
YNL254C	3.99
YJR129C	3.99
YJR135C	3.98
YCR038C	3.98
YDR065W	3.98
YOL117W	3.97
YIR011C	3.97
YBR047W	3.96
YDR514C	3.95
YEL061C	3.94
YMR069W	3.93
YOR305W	3.93
YJR149W	3.93
YCR079W	3.93
YGL226W	3.92
YLR423C	3.91
YPR199C	3.91
YDR254W	3.9
YOR114W	3.9
YFR027W	3.89
YLR247C	3.89
YHR159W	3.88
YDR282C	3.88
YGR216C	3.86
YNL122C	3.85
YMR164C	3.85
YNR004W	3.85
YKL043W	3.84
YKL093W	3.84
YMR034C	3.84
YOR028C	3.83
YPR166C	3.82
YDR115W	3.82
YLL019C	3.81
YDR009W	3.81
YNL261W	3.81
YMR095C	3.81
YPL182C	3.81
YHR204W	3.81
YDR198C	3.8
YBR223C	3.8
YHR182W	3.8
YOR064C	3.78
YDL036C	3.77
YDL127W	3.77
YDR369C	3.77
YDR370C	3.77
YHR178W	3.77
YPR022C	3.76
YIL101C	3.76
YJL160C	3.75
YMR210W	3.74
YDR076W	3.74
YMR138W	3.74
YIL002C	3.74
YGR052W	3.74
YER077C	3.74
YDR250C	3.73
YOR080W	3.73
YPL068C	3.73
YKR063C	3.72
YGL162W	3.72
YNL101W	3.72
YAL024C	3.72
YJL057C	3.71
YMR185W	3.71
YNL194C	3.7
YDR128W	3.7
YOL119C	3.69
YDL197C	3.69
YOL024W	3.69
YDR478W	3.68
YDL104C	3.68
YJL147C	3.67
YHR050W	3.67
YCL027W	3.66
YLR251W	3.66
YCR020C-A	3.65
YDR286C	3.64
YNR075C-A	3.64
YKR096W	3.63
YIR018W	3.63
YBR255W	3.62
YPR169W-A	3.62
YHR015W	3.62
YOR092W	3.61
YNL083W	3.61
YGL258W-A	3.61
YLR233C	3.6
YPR046W	3.6
YOR193W	3.59
YER028C	3.59
YDR109C	3.59
YLL054C	3.59
YHR202W	3.59
YOR093C	3.59
YEL062W	3.59
YPL236C	3.58
YLR211C	3.58
YOR134W	3.58
YNL289W	3.57
YGR199W	3.56
YOR191W	3.56
YDR393W	3.56
YCL051W	3.55
YMR224C	3.55
YJL046W	3.54
YCL056C	3.54
YGL142C	3.54
YLR154W-B	3.54
YMR283C	3.53
YOL009C	3.52
YHL008C	3.52
YOR025W	3.52
YAL015C	3.52
YFR019W	3.51
YBR299W	3.51
YBR136W	3.51
YJR154W	3.51
YOL158C	3.5
YBR131C-A	3.49
YNR075W	3.48
YFL031C-A	3.48
YEL059C-A	3.48
YOL154W	3.48
YPR201W	3.48
YDR504C	3.47
YHR150W	3.47
YDR278C	3.47
YMR127C	3.47
YNR041C	3.46
YGR146C	3.46
YIL037C	3.45
YLR036C	3.45
YLR067C	3.44
YDL248W	3.44
YLR057W	3.44
YHR194W	3.43
YMR064W	3.43
YNL260C	3.43
YMR025W	3.43
YKR069W	3.43
YOR249C	3.42
YKL038W	3.42
YIL092W	3.41
YCL036W	3.41
YER140W	3.41
YGR236C	3.41
YIL169C	3.4
YKL033W	3.39
YDR024W	3.39
YLR091W	3.39
YBR097W	3.39
YNL025C	3.39
YER037W	3.39
YPL072W	3.38
YER185W	3.38
YKL102C	3.38
YKL089W	3.38
YKL163W	3.38
YJL116C	3.38
YIL132C	3.36
YJL132W	3.35
YFL059W	3.34
YBR239C	3.34
YER098W	3.34
YNL109W	3.33
YNR068C	3.33
YOR127W	3.32
YOR269W	3.31
YBR153W	3.31
YLR376C	3.31
YOR295W	3.31
YPL002C	3.3
YDR185C	3.3
YMR036C	3.3
YIL055C	3.29
YFR043C	3.29
YOR066W	3.27
YHR056W-A	3.27
YLR136C	3.27
YMR299C	3.26
YNL176C	3.26
YDR042C	3.25
YCL026C-A	3.25
YOR242C	3.25
YNL140C	3.25
YDR351W	3.24
YML099C	3.24
YJL156C	3.23
YBR038W	3.22
YHR022C	3.22
YFR023W	3.21
YML009W-B	3.2
YER096W	3.2
YMR199W	3.2
YAL002W	3.19
YDR437W	3.19
YBL029W	3.19
YJL035C	3.18
YPR003C	3.18
YDR184C	3.18
YJL118W	3.17
YGR042W	3.17
YOR296W	3.16
YGL249W	3.16
YOL036W	3.15
YOR314W	3.15
YOR384W	3.15
YGL257C	3.15
YDR419W	3.15
YDL129W	3.15
YLR210W	3.15
YFR055W	3.15
YLR297W	3.15
YIL113W	3.14
YFR038W	3.13
YGR015C	3.13
YGR154C	3.13
YMR097C	3.13
YHR134W	3.13
YJR089W	3.12
YOR334W	3.12
YLL019W-A	3.12
YHR131C	3.12
YDL233W	3.12
YDR218C	3.11
YJL144W	3.11
YGL113W	3.11
YDL142C	3.11
YDL238C	3.11
YHR091C	3.11
YBL088C	3.1
YDR421W	3.1
YDL152W	3.1
YGR249W	3.1
YOR034C	3.09
YDR043C	3.09
YDR169C-A	3.09
YGL032C	3.09
YNL128W	3.09
YNR061C	3.09
YGL085W	3.09
YBR141C	3.08
YMR055C	3.08
YBR114W	3.08
YBL106C	3.07
YER093C	3.07
YFL002W-A	3.07
YNL314W	3.06
YKR044W	3.06
YLR162W	3.04
YMR166C	3.04
YGR062C	3.04
YPL157W	3.04
YMR190C	3.03
YKR019C	3.03
YPR071W	3.03
YAL048C	3.02
YBR257W	3.02
YGL059W	3.02
YLR360W	3.02
YOR192C-B	3.02
YLR288C	3.01
YNL211C	3.01
YKR064W	3.0
YML104C	3.0
YBR044C	3.0
YPL150W	3.0
YGL175C	2.99
YDR338C	2.99
YMR023C	2.99
YNL162W-A	2.98
YKL162C	2.98
YLR098C	2.98
YPL008W	2.98
YDR191W	2.97
YOR105W	2.97
YDL242W	2.97
YNL334C	2.97
YKR017C	2.97
YDR285W	2.96
YOL084W	2.96
YBL025W	2.95
YDR466W	2.95
YDL180W	2.95
YPL216W	2.95
YBR066C	2.95
YMR257C	2.94
YBR276C	2.94
YOL157C	2.94
YDR125C	2.94
YJL051W	2.94
YOL131W	2.94
YPL071C	2.94
YOL136C	2.94
YIL082W-A	2.93
YOR166C	2.92
YKL133C	2.92
YLL053C	2.91
YBL031W	2.91
YGL199C	2.91
YDR004W	2.91
YPL258C	2.91
YGR098C	2.9
YDL054C	2.9
YNL279W	2.9
YDR058C	2.89
YOR100C	2.89
YMR087W	2.89
YOR162C	2.89
YOR219C	2.88
YCL019W	2.88
YJR151C	2.88
YBL014C	2.88
YKL222C	2.88
YGR188C	2.87
YPL209C	2.87
YGR142W	2.87
YDR022C	2.87
YPL187W	2.87
YML089C	2.86
YMR280C	2.84
YER144C	2.84
YPR151C	2.84
YCL063W	2.83
YGR108W	2.83
YER187W	2.83
YBR250W	2.83
YOL110W	2.83
YBL063W	2.83
YKL020C	2.82
YJL222W-A	2.82
YNL082W	2.82
YJL222W	2.82
YOR129C	2.82
YLR265C	2.82
YPL130W	2.82
YLR145W	2.81
YOR144C	2.81
YLR128W	2.81
YIR021W-A	2.81
YOL047C	2.81
YDL231C	2.81
YOR223W	2.8
YCR020C	2.8
YHR189W	2.8
YCL058W-A	2.79
YCL005W	2.79
YJL162C	2.79
YPR021C	2.78
YOR159C	2.78
YOR033C	2.78
YKL072W	2.78
YIL071C	2.78
YNR069C	2.77
YLR410W-B	2.77
YBR138C	2.77
YGL144C	2.77
YOL043C	2.77
YCR105W	2.76
YML053C	2.76
YDL218W	2.76
YER104W	2.75
YJR090C	2.75
YCR022C	2.74
YPL021W	2.74
YIL173W	2.74
YIL011W	2.74
YPL242C	2.74
YBL060W	2.73
YBR008C	2.73
YMR274C	2.73
YAR033W	2.72
YNL008C	2.72
YML003W	2.72
YJR035W	2.71
YLR132C	2.71
YBR196C-B	2.71
YER116C	2.71
YPL179W	2.71
YGR217W	2.71
YOR199W	2.7
YLL055W	2.7
YOR177C	2.7
YHR048W	2.7
YJR012C	2.69
YGR109W-B	2.69
YDR540C	2.69
YBL100W-B	2.69
YKR033C	2.68
YDL227C	2.67
YDL105W	2.67
YDR131C	2.67
YOL001W	2.65
YOL017W	2.65
YOR208W	2.65
YFL050C	2.64
YHL028W	2.64
YHR079C	2.64
YML058W-A	2.64
YHR031C	2.64
YGL179C	2.63
YBL019W	2.63
YHL036W	2.63
YLR279W	2.63
YDR523C	2.63
YGR161W-B	2.63
YDL221W	2.62
YOR258W	2.62
YLR135W	2.62
YJR161C	2.62
YOL099C	2.62
YPR013C	2.61
YPR120C	2.61
YOR097C	2.61
YDR451C	2.6
YLR381W	2.6
YEL005C	2.6
YOR309C	2.6
YOR324C	2.6
YLR102C	2.6
YML132W	2.59
YBR235W	2.59
YCR023C	2.59
YMR198W	2.58
YOR005C	2.58
YMR137C	2.58
YOL091W	2.58
YGR239C	2.58
YKR041W	2.57
YDL011C	2.57
YPR198W	2.57
YNL126W	2.56
YCR107W	2.56
YLR353W	2.56
YDR142C	2.56
YOL106W	2.56
YPR095C	2.56
YOR172W	2.55
YJR146W	2.55
YNR045W	2.55
YHR168W	2.55
YER007W	2.55
YPL003W	2.55
YHR140W	2.54
YGR041W	2.54
YEL008W	2.54
YLR425W	2.53
YPL132W	2.53
YLR164W	2.53
YGL160W	2.53
YKL208W	2.52
YOL025W	2.52
YOL101C	2.51
YER038C	2.5
YLR283W	2.5
YER051W	2.5
YPL202C	2.49
YOR301W	2.48
YDR492W	2.48
YLR081W	2.48
YDR034C-D	2.46
YER109C	2.46
YDR319C	2.45
YIL141W	2.45
YOR383C	2.45
YOR107W	2.45
YLR313C	2.45
YDR193W	2.44
YOL002C	2.44
YBR062C	2.44
YKL198C	2.43
YKR058W	2.42
YFL009W	2.42
YNR070W	2.42
YKR004C	2.42
YKL176C	2.42
YDR350C	2.41
YGL104C	2.41
YMR042W	2.4
YMR181C	2.39
YIR014W	2.39
YMR126C	2.39
YBR259W	2.39
YBR168W	2.37
YLL051C	2.37
YIL151C	2.37
YDR260C	2.37
YIL163C	2.37
YER190C-A	2.36
YGR296C-A	2.36
YML133W-A	2.36
YNL339W-A	2.36
YPL283W-A	2.36
YPL148C	2.36
YOR343C	2.36
YGL182C	2.36
YHR124W	2.35
YDR261W-B	2.35
YOR343W-B	2.35
YHR191C	2.35
YLR014C	2.34
YJL194W	2.34
YPR164W	2.34
YBR302C	2.34
YDL020C	2.34
YGR170W	2.32
YDL041W	2.32
YLR263W	2.32
YGR219W	2.31
YOR382W	2.3
YIR027C	2.3
YDL247W-A	2.29
YDR344C	2.28
YCL008C	2.28
YGL263W	2.28
YBL081W	2.27
YNL198C	2.27
YPL158C	2.26
YJL083W	2.26
YKL169C	2.26
YPR197C	2.26
YIL001W	2.26
YPR009W	2.25
YDR082W	2.25
YNL170W	2.25
YOR055W	2.25
YDL079C	2.24
YPL268W	2.23
YDR414C	2.22
YLR149C-A	2.22
YOR292C	2.22
YJL023C	2.22
YLR156W	2.21
YNL324W	2.21
YOR315W	2.2
YKR103W	2.2
YJR039W	2.2
YLR184W	2.19
YGR109C	2.18
YPL269W	2.18
YKL219W	2.18
YGL131C	2.18
YOL128C	2.17
YPR117W	2.17
YLR415C	2.17
YOL122C	2.16
YJR128W	2.15
YLR266C	2.14
YPR092W	2.14
YIL072W	2.14
YHL042W	2.13
YER041W	2.12
YMR191W	2.12
YPL176C	2.12
YNL249C	2.12
YJL149W	2.11
YPR030W	2.11
YER060W	2.1
YKL109W	2.1
YGL243W	2.1
YLR346C	2.1
YDR332W	2.1
YDL183C	2.1
YHR080C	2.09
YDL151C	2.08
YER046W	2.07
YMR252C	2.07
YAL019W-A	2.06
YOR019W	2.06
YBR255C-A	2.06
YIL172C	2.06
YGR023W	2.05
YKR101W	2.04
YBL066C	2.04
YCR098C	2.03
YKL125W	2.03
YNL295W	2.03
YPL149W	2.03
YGR070W	2.02
YGR077C	2.02
YJR004C	2.02
YOL046C	2.0
YPL272C	2.0
YDR242W	2.0
YNL029C	2.0
YDL199C	1.99
YJL170C	1.98
YJR115W	1.98
YHL040C	1.98
YOR380W	1.98
YJL100W	1.98
YJR152W	1.98
YCL069W	1.97
YIR025W	1.97
YPR136C	1.97
YOR200W	1.96
YBR280C	1.96
YBL073W	1.95
YKR104W	1.95
YFL015W-A	1.95
YPR126C	1.95
YPL147W	1.94
YOR003W	1.94
YBR294W	1.94
YLR358C	1.94
YKR015C	1.93
YJL003W	1.93
YIR030C	1.93
YLL035W	1.92
YER115C	1.92
YHL010C	1.91
YHL016C	1.91
YPL113C	1.91
YJL043W	1.9
YFR010W-A	1.9
YBR182C	1.9
YGR096W	1.89
YLR151C	1.89
YER032W	1.89
YEL070W	1.89
YFL019C	1.88
YLL046C	1.88
YPL230W	1.87
YOR237W	1.87
YLL020C	1.87
YOL150C	1.87
YNL138W-A	1.87
YOL118C	1.86
YCR014C	1.86
YIL024C	1.86
YER060W-A	1.85
YOL052C-A	1.85
YGL215W	1.84
YJL205C	1.84
YOR135C	1.84
YBR270C	1.84
YOR082C	1.84
YGR213C	1.83
YLR280C	1.83
YLR023C	1.83
YGR141W	1.83
YGL192W	1.83
YAR031W	1.82
YMR103C	1.82
YNR059W	1.82
YFL025C	1.82
YFL067W	1.82
YMR272W-A	1.82
YBR089W	1.8
YLR411W	1.8
YNR073C	1.8
YFR026C	1.79
YML118W	1.79
YLL057C	1.79
YBR148W	1.78
YPR109W	1.77
YDL062W	1.77
YGL239C	1.77
YML122C	1.76
YLR241W	1.76
YJL163C	1.76
YPR044C	1.76
YBL068W-A	1.76
YOR102W	1.76
YIR016W	1.75
YMR242W-A	1.75
YLR010C	1.75
YLR171W	1.74
YER107W-A	1.74
YKR102W	1.74
Q0050	1.74
YCL049C	1.73
YHR171W	1.72
YPR054W	1.72
YDR281C	1.72
YLR374C	1.72
YDR095C	1.71
YMR294W	1.71
YDR314C	1.7
YLR054C	1.7
YDR030C	1.7
YNR062C	1.69
YDL094C	1.69
Q0120	1.68
YPR084W	1.68
YGR057C	1.68
YAR018C	1.68
YDR010C	1.68
YCR085W	1.68
YMR156C	1.67
YPR106W	1.67
YBR220C	1.66
YAR020C	1.65
YLR238W	1.65
YLR037C	1.64
YLR459W	1.64
YMR101C	1.63
YKR047W	1.63
YMR322C	1.63
YOR032C	1.62
YGL158W	1.62
YJL094C	1.61
YMR251W	1.61
YBR144C	1.61
YOR391C	1.6
YGL149W	1.6
YLL052C	1.6
YLR261C	1.6
YOL015W	1.6
YPL280W	1.6
YJR038C	1.59
YLR416C	1.59
YLR269C	1.59
YBR184W	1.59
YMR053C	1.58
YMR244W	1.58
YNL092W	1.58
YNL179C	1.57
YPR093C	1.56
YGR265W	1.56
YGL002W	1.56
YPL156C	1.55
YGR287C	1.55
YEL041W	1.54
YOR067C	1.54
YDR230W	1.54
YMR176W	1.54
YGR190C	1.53
YLR099C	1.53
YFL053W	1.53
YNR042W	1.52
YHR184W	1.51
YPL192C	1.51
YLR343W	1.51
YHR071W	1.51
YJL127W-A	1.51
YOR030W	1.51
YAL034C	1.5
YKR034W	1.5
YLR445W	1.5
YDR209C	1.5
YFL055W	1.5
YBR051W	1.5
YJL007C	1.49
YNR065C	1.49
YPL034W	1.48
YJL105W	1.48
YDR113C	1.48
YCR019W	1.48
YJL214W	1.46
YOR146W	1.46
YDL194W	1.46
YKL217W	1.46
YDL210W	1.45
YMR122C	1.45
YDR249C	1.45
YGL063C-A	1.45
YCL004W	1.45
YNR056C	1.44
YLR007W	1.44
YEL076C-A	1.44
YIL025C	1.43
YOR047C	1.43
YPL041C	1.43
YLR311C	1.43
YDL096C	1.43
YBR201W	1.43
YDR160W	1.43
YER097W	1.43
YJL119C	1.42
Q0115	1.42
YIL060W	1.42
YMR017W	1.42
YGR053C	1.42
YGR228W	1.42
YAR064W	1.41
YIL134W	1.41
YNL159C	1.41
YDL214C	1.41
YHR078W	1.4
YER158C	1.4
YPL092W	1.4
YOL029C	1.4
YJL093C	1.4
YFL060C	1.4
YKL165C-A	1.39
YER188W	1.39
YCL067C	1.39
YJR106W	1.39
YDR276C	1.39
YPR177C	1.39
YPR026W	1.39
YPL095C	1.39
YEL009C-A	1.39
YKL036C	1.38
YGR242W	1.38
YDL239C	1.38
YGL183C	1.37
YHR177W	1.37
YGR176W	1.37
YKL132C	1.37
YHL006C	1.37
YOL114C	1.36
YCR075C	1.36
YBR050C	1.36
YGL051W	1.36
YNL276C	1.36
YPL159C	1.35
YDR085C	1.35
YAL020C	1.35
YCR087W	1.35
YER152W-A	1.35
YGR059W	1.34
YLR462W	1.34
YPL077C	1.34
YDL186W	1.34
YOR072W	1.34
YNR071C	1.34
YER184C	1.34
YLR047C	1.34
YNR058W	1.34
YDR306C	1.33
YBR113W	1.33
YDL185C-A	1.33
YJL199C	1.33
YPL102C	1.33
YHR176W	1.32
YGL114W	1.31
YCR006C	1.31
YHL015W-A	1.31
YBR297W	1.3
YBL094C	1.3
YKL201C	1.3
YHR139C-A	1.3
YBR099C	1.29
YCR066W	1.29
YLR456W	1.29
YIR032C	1.29
YGR224W	1.29
YDR545W	1.29
YDR401W	1.29
YPR078C	1.28
YBL009W	1.28
YFL020C	1.28
YER119C	1.28
YPR157W	1.28
YOR331C	1.27
YNL120C	1.27
YIR028W	1.27
YPR160C-A	1.27
YER067C-A	1.27
YFL003C	1.27
YMR173W-A	1.26
YLR157W-D	1.26
YGL154C	1.26
YKR091W	1.26
YMR081C	1.26
YFR042W	1.25
YML002W	1.25
YLL063C	1.25
YKL097C	1.25
YJR159W	1.25
YER045C	1.24
YDR506C	1.24
YMR040W	1.23
YPR064W	1.23
YPL174C	1.23
YLR112W	1.23
YHL034W-A	1.22
YLL025W	1.22
YBL048W	1.22
YPL189C-A	1.22
YLR338W	1.22
YDR544C	1.22
YLR444C	1.22
YDL246C	1.22
YOR306C	1.21
YKL124W	1.21
YOR351C	1.2
YMR187C	1.2
YDR491C	1.2
YPL189W	1.2
YOR186W	1.19
YOR079C	1.19
YFL052W	1.19
YEL068C	1.19
YPL025C	1.19
YJL027C	1.19
YMR035W	1.18
YGR079W	1.18
YOR178C	1.18
YJL193W	1.18
YDL069C	1.18
YIL029W-A	1.18
YKL023C-A	1.18
YDR542W	1.18
YLR242C	1.18
YNL228W	1.18
YLR155C	1.17
YCR099C	1.17
YNR066C	1.17
YFL064C	1.17
YLR467W	1.17
YPL027W	1.16
YMR265C	1.16
YIL120W	1.16
YKL106C-A	1.16
YCL038C	1.16
YDR420W	1.16
YLR158C	1.15
YDL163W	1.15
YDR008C	1.15
YML083C	1.15
YGL096W	1.15
YDR317W	1.15
YLR296W	1.15
YHL049C	1.14
YER038W-A	1.14
YJR061W	1.14
YGR050C	1.14
Q0255	1.14
YPL282C	1.14
YFL041W-A	1.13
YKL034W	1.13
YCL058C	1.12
YLR365W	1.12
YBR056W-A	1.12
YNL235C	1.12
YDL206W	1.12
YPL279C	1.12
YJR079W	1.12
YIL049W	1.12
YKL221W	1.11
YER085C	1.11
YOR013W	1.11
YFL021C-A	1.11
YDR340W	1.11
YNL097W-A	1.1
YOL063C	1.1
YJL015C	1.1
YGL074C	1.1
YLR320W	1.1
YPL205C	1.1
YHL044W	1.1
YCR047W-A	1.1
YLR205C	1.1
YPR005C	1.1
YKL098W	1.1
YGL152C	1.1
YDL179W	1.1
YGR160W	1.09
YPR068C	1.09
YAR060C	1.09
YPR153W	1.09
YDL247W	1.09
YLR149C	1.09
YMR154C	1.09
YJR153W	1.09
YOR394W	1.08
YJL213W	1.08
YOR161W-B	1.08
YLR307W	1.08
YGR168C	1.08
YPL136W	1.08
YFL065C	1.08
YKL090W	1.07
YOR190W	1.07
YAL067C	1.07
YCR073C	1.07
YCR091W	1.07
YJL219W	1.07
YEL072W	1.07
YKL053W	1.07
YJR156C	1.07
YNR002C	1.06
YOR333C	1.06
YDL200C	1.06
YHL022C	1.06
YBL012C	1.06
YCR102C	1.06
YCR007C	1.05
YDL037C	1.05
YOR368W	1.05
YPL278C	1.05
YNL018C	1.04
YEL067C	1.04
YJL181W	1.04
YOR049C	1.04
YNL339C	1.04
YOR183W	1.04
YKL177W	1.03
YJL106W	1.03
YPL264C	1.03
YDR455C	1.03
YFL013W-A	1.02
YHR185C	1.02
YPR146C	1.02
YBL071C	1.02
YMR306C-A	1.02
YNL033W	1.02
YBR200W-A	1.02
YMR325W	1.01
YDL241W	1.01
YBL049W	1.01
YCR064C	1.01
YDR149C	1.01
YIR029W	1.01
YGR227W	1.01
YLR443W	1.01
YGL136C	1.01
YDR374C	1.0
YPR039W	1.0
YGL258W	1.0
YJL156W-A	1.0
YHR210C	1.0
YER039C	1.0
YHR151C	1.0
YDR445C	1.0
YLR446W	0.999
YMR294W-A	0.997
YCL021W-A	0.996
YBR217W	0.996
YKL107W	0.995
YGR290W	0.99
YOR071C	0.99
YGR144W	0.99
YPR007C	0.989
YOR378W	0.988
YDR151C	0.987
YIL089W	0.986
YLR041W	0.986
YLR154W-A	0.986
YNR064C	0.985
YBR134W	0.984
YEL028W	0.983
YOL161C	0.983
YOL159C	0.982
YER135C	0.979
YMR306W	0.979
YKL076C	0.977
YKR061W	0.977
YIL054W	0.972
YGR131W	0.969
YGR212W	0.961
YIR041W	0.96
YGR067C	0.959
YGL118C	0.957
YNL331C	0.956
YOR277C	0.956
YIL142C-A	0.953
YNL294C	0.953
YOR192C	0.951
YFL066C	0.95
YPL054W	0.95
YOL003C	0.947
YOR149C	0.945
YDL118W	0.945
YPR202W	0.945
YLR049C	0.944
YCR100C	0.944
YOR390W	0.942
YMR085W	0.941
YKL100W-A	0.939
YGL204C	0.939
YBR183W	0.936
YDR315C	0.935
YFL056C	0.934
YPL201C	0.934
YHR035W	0.933
YLR092W	0.93
YKR012C	0.928
YHR180W	0.928
YLR076C	0.927
YBR076W	0.927
YFL057C	0.927
YHL006W-A	0.925
YMR065W	0.924
YDL093W	0.924
YLR428C	0.923
YOR015W	0.921
YNR060W	0.921
YBR224W	0.921
YMR155W	0.919
YGR153W	0.919
YNL187W	0.918
YDR355C	0.917
YNL188W	0.917
YER180C	0.914
YCR045C	0.914
YIL009C-A	0.908
YOR282W	0.908
YHR218W-A	0.907
YGR107W	0.906
YLR246W	0.906
YHR093W	0.906
YCR097W	0.905
YML068W	0.904
YHR213W	0.903
YDR194W-A	0.902
YMR118C	0.901
YMR254C	0.9
YLR255C	0.897
YLR466W	0.897
YGL259W	0.897
YDL228C	0.896
YHR218W	0.896
YCL002C	0.895
YJR020W	0.895
YBR027C	0.894
YGL007W	0.894
YMR206W	0.889
YOL165C	0.889
YDR467C	0.888
YBR147W	0.884
YPR203W	0.884
YKL156C-A	0.883
YLR217W	0.883
YNL144C	0.88
YNL196C	0.877
YNL057W	0.875
YPR108W-A	0.874
YDR522C	0.874
YKL070W	0.873
YJR114W	0.873
YER106W	0.873
YDL009C	0.871
YDR509W	0.87
YJR036C	0.87
YHR079C-A	0.87
YDR535C	0.869
YML133C	0.868
YMR194C-A	0.867
YML099W-A	0.866
YKL068W-A	0.866
YJL152W	0.866
YER189W	0.865
YOL163W	0.863
YBR124W	0.862
YDR274C	0.86
YGR045C	0.858
YER186C	0.858
YDR290W	0.857
YOR041C	0.855
YEL045C	0.854
YGR197C	0.854
YLL066C	0.853
YDL071C	0.853
YLR031W	0.852
YGR035C	0.852
YML090W	0.852
YDR179W-A	0.851
YER076C	0.849
YKL131W	0.847
YLR173W	0.846
YLL067C	0.838
YEL075C	0.838
YJR108W	0.836
YOR396W	0.836
YIL073C	0.836
YMR141C	0.835
YJR021C	0.835
YKL220C	0.833
YCR013C	0.832
YLR341W	0.832
YJL108C	0.831
YFL061W	0.831
YGL123C-A	0.83
YMR133W	0.83
YLR165C	0.829
YBR284W	0.829
YBR298C	0.828
YMR245W	0.827
YMR052C-A	0.824
YDR133C	0.824
YEL004W	0.823
YPL244C	0.823
YGL072C	0.821
YIL177C	0.821
YOR313C	0.818
YDR354C-A	0.818
YNL013C	0.818
YOR053W	0.817
YNL335W	0.817
YER088C-A	0.817
YBL113C	0.817
YGL262W	0.816
YBR021W	0.816
YOR366W	0.815
YPR204W	0.814
YML066C	0.813
YAL040C	0.812
YNL184C	0.811
YOR186C-A	0.811
YEL074W	0.81
YHL043W	0.809
YJL037W	0.809
YDR273W	0.808
YCL001W-A	0.808
YLR004C	0.807
YOL038C-A	0.806
YDR271C	0.803
YBR226C	0.803
YDR114C	0.803
YEL076C	0.802
YPL073C	0.802
YHR165W-A	0.8
YCL068C	0.799
YJL129C	0.797
YEL077C	0.796
YAL004W	0.796
YGL003C	0.795
YFR020W	0.793
YHL050C	0.793
YNL145W	0.793
YBR064W	0.792
YCR045W-A	0.791
YGR296W	0.79
YGL235W	0.79
YPL052W	0.788
YLR394W	0.786
YDL024C	0.785
YBR228W	0.783
YLL042C	0.782
YKL224C	0.782
YGL251C	0.782
YJL225C	0.781
YLR366W	0.78
YLR154C-G	0.779
YER088W-B	0.779
YDR537C	0.775
YPL283C	0.775
YOL104C	0.774
YLR339C	0.772
YLR040C	0.771
YGL081W	0.771
YFL040W	0.771
YCR001W	0.771
YDL026W	0.77
YDL034W	0.77
YML087C	0.769
YGR273C	0.769
YHR002W	0.768
YOR298W	0.767
YCR096C	0.765
YGR291C	0.765
YDL068W	0.765
YMR094W	0.764
YLR368W	0.761
YCR040W	0.759
YDR525W	0.759
YML047C	0.759
YIL152W	0.759
YLL059C	0.758
YEL069C	0.758
YOR031W	0.757
YJL077C	0.756
YFR054C	0.755
YER190W	0.755
YBR063C	0.754
YNL204C	0.754
YMR279C	0.753
YKL044W	0.753
YDR327W	0.752
YIL068W-A	0.751
YCR104W	0.751
YGL052W	0.749
YOL085C	0.748
YBR292C	0.748
YGL089C	0.748
YHR054C	0.747
YHR219W	0.747
YGR022C	0.745
YBR277C	0.745
YNL285W	0.745
YMR153C-A	0.745
YJL206C	0.744
YGR069W	0.744
YMR031W-A	0.743
YLR162W-A	0.743
YMR119W-A	0.742
YCR039C	0.741
YCL048W	0.74
YNL226W	0.739
YKR106W	0.739
YOR024W	0.738
YIL164C	0.738
YJR107W	0.737
YDR029W	0.737
YLR349W	0.737
YLR317W	0.737
YLR146W-A	0.737
YPR158W	0.736
YNL130C-A	0.736
YNL043C	0.735
YGL218W	0.733
YNL019C	0.731
YML101C-A	0.73
YLL065W	0.73
YDL244W	0.729
YNL012W	0.729
YLR312C	0.727
YEL057C	0.727
YJR037W	0.725
YIL139C	0.724
YJR162C	0.724
YPL277C	0.722
YIR042C	0.721
YLR465C	0.721
YLL047W	0.72
YNL034W	0.719
YDR154C	0.719
YFR022W	0.719
YDR126W	0.717
YLR308W	0.716
YIL028W	0.714
YOR389W	0.712
YLR463C	0.712
YGR066C	0.71
YHR213W-A	0.708
YDL138W	0.707
YFR029W	0.706
YFL015C	0.706
YMR057C	0.706
YPL044C	0.702
YLR458W	0.701
YIL171W-A	0.7
YMR063W	0.697
YAL066W	0.696
YFR012W	0.695
YDL039C	0.695
YIL006W	0.695
YJL127C-B	0.693
YJR094C	0.693
YLR013W	0.693
YDR102C	0.692
YLL033W	0.69
YMR135W-A	0.689
YDR360W	0.689
YOR161W-A	0.687
YHR157W	0.685
YGR114C	0.684
YPR193C	0.683
YPR194C	0.683
YDL049C	0.682
YHR211W	0.682
YLR159W	0.682
YLR161W	0.682
YNL332W	0.68
YFR032C	0.679
YER039C-A	0.679
YNL028W	0.678
YHR125W	0.677
YOR329W-A	0.676
YBR121C-A	0.676
YBL089W	0.676
YLR379W	0.674
YKL202W	0.673
YDR104C	0.673
YDL154W	0.673
YOL014W	0.672
YML023C	0.671
YNR072W	0.67
YLR232W	0.67
YLR202C	0.669
YCR106W	0.668
YBR240C	0.667
YCL076W	0.666
YMR158W-B	0.665
YDR366C	0.665
YJR155W	0.664
YDR374W-A	0.664
YCL073C	0.662
YBR004C	0.662
YNL296W	0.66
YBR196C-A	0.66
YJR005C-A	0.66
YDR336W	0.66
YBL039W-B	0.658
YOR381W	0.658
YOR338W	0.658
YFR057W	0.657
YGL088W	0.656
YHR173C	0.656
YCR025C	0.656
YPR076W	0.655
YAL059C-A	0.655
YGR018C	0.655
YDR263C	0.652
YDL243C	0.652
YAL064C-A	0.652
YPL164C	0.649
YBL091C-A	0.648
YDR501W	0.648
YJR120W	0.647
YPR016W-A	0.646
YPL257W	0.646
YDR182W-A	0.646
YJL223C	0.645
YPR050C	0.645
YDL162C	0.644
YJL216C	0.644
YGL138C	0.642
YKR053C	0.641
YPR150W	0.64
YPR087W	0.64
YKR005C	0.639
YOR300W	0.638
YNL017C	0.637
YMR013W-A	0.637
YLR364C-A	0.636
YER066C-A	0.633
YPR027C	0.633
YER147C-A	0.632
YMR013C	0.631
YPL033C	0.63
YBR300C	0.628
YOR009W	0.628
YHL005C	0.627
YLR399W-A	0.626
YLR157C	0.626
YKL115C	0.625
YER066W	0.624
YKR098C	0.623
YPR077C	0.623
YLR062C	0.622
YOR068C	0.622
YGL193C	0.621
YOR010C	0.621
YDR246W-A	0.62
YCL022C	0.618
YPL039W	0.618
YOR121C	0.618
YPL185W	0.618
YPR123C	0.618
YDR187C	0.617
YOR365C	0.617
YHR021W-A	0.616
YNR001W-A	0.615
YPL165C	0.615
YML100W-A	0.614
YLR402W	0.614
YDR136C	0.613
YOR379C	0.612
YJL182C	0.611
YOR268C	0.611
YCR049C	0.611
YLR331C	0.611
YCL065W	0.611
YGL168W	0.61
YLR122C	0.61
YLR334C	0.61
YBR178W	0.609
YOR392W	0.609
YDR112W	0.608
YBL065W	0.608
YBL108W	0.608
YJL185C	0.607
YLR322W	0.607
YDR536W	0.606
YLR302C	0.605
YMR136W	0.605
YAL064W-B	0.605
YDR018C	0.604
YBR165W	0.603
YGL261C	0.603
YAR068W	0.602
YOR263C	0.602
YNL114C	0.601
YOR376W	0.601
YLR046C	0.6
YLR230W	0.6
YOR170W	0.599
YGL041C	0.598
YAL037W	0.598
YJR124C	0.598
YBL062W	0.598
YGL034C	0.598
YJR018W	0.595
YDR387C	0.595
YOL160W	0.594
YHL041W	0.594
YOL035C	0.593
YHR214W-A	0.593
YPR196W	0.592
YNL319W	0.592
YFL012W	0.591
YIL066W-A	0.591
YPR015C	0.591
YJL089W	0.59
YBL083C	0.59
YBR190W	0.59
YGR221C	0.589
YDL169C	0.589
YFL032W	0.588
YMR324C	0.588
YBL108C-A	0.588
YDR526C	0.588
YGL214W	0.588
YLR213C	0.588
YDR541C	0.587
YDR459C	0.587
YKL066W	0.587
YHL047C	0.586
YHL045W	0.586
YOL164W	0.586
YGR230W	0.586
YHL037C	0.586
YLR169W	0.585
YPL114W	0.585
YKL147C	0.584
YIL099W	0.583
YKL162C-A	0.583
YLR318W	0.582
YDR053W	0.582
YMR180C	0.582
YML034C-A	0.582
YDR015C	0.581
YOR139C	0.58
YFL054C	0.579
YHR095W	0.579
YDR157W	0.578
YKL136W	0.578
YOR387C	0.578
YJL135W	0.576
YKL153W	0.576
YGL102C	0.576
YLL044W	0.576
YBL109W	0.575
YHR214C-D	0.575
YCR102W-A	0.575
YDR241W	0.574
YLR434C	0.574
YER119C-A	0.573
YDR223W	0.572
YOR012W	0.572
YBL053W	0.571
YOL050C	0.571
YEL035C	0.57
YOR225W	0.569
YNL089C	0.569
YNR076W	0.567
YDL016C	0.566
YOR318C	0.565
YAR070C	0.564
YHR217C	0.564
YGL170C	0.563
YIL012W	0.563
YBL077W	0.563
YGL015C	0.562
YDR106W	0.562
YDR433W	0.562
YLL030C	0.562
YMR172C-A	0.562
YCR101C	0.561
YPR053C	0.561
YPR130C	0.56
YLR273C	0.56
YBR128C	0.559
YJL211C	0.559
YDR438W	0.558
YNR077C	0.558
YGL146C	0.557
YER091C-A	0.555
YAR047C	0.555
YLR400W	0.555
YGR226C	0.554
YER181C	0.553
YGL033W	0.553
YDR431W	0.553
YGR137W	0.553
YLR227C	0.553
YGR293C	0.552
YNL337W	0.552
YOL162W	0.552
YLL005C	0.551
YHR160C	0.55
YIL029C	0.55
YOR364W	0.549
YGL188C	0.549
YGR225W	0.549
YLR329W	0.549
YDR215C	0.548
YDR118W-A	0.548
YLR294C	0.548
YDR078C	0.548
Q0105	0.547
YOR255W	0.547
Q0060	0.546
YOR008C-A	0.546
YBR116C	0.546
YDR203W	0.546
YOR345C	0.544
YBR219C	0.543
YDL187C	0.543
YJL038C	0.542
YLL064C	0.542
YLR053C	0.542
YMR316C-B	0.542
YPR038W	0.541
YMR193C-A	0.54
YBR301W	0.54
YER044C-A	0.538
YER121W	0.538
YGR294W	0.537
YMR018W	0.537
YMR082C	0.536
YJL142C	0.535
YHR145C	0.534
YPR170C	0.534
YFL051C	0.533
YFL063W	0.533
YNL067W-A	0.533
YBR243C	0.533
YBR012C	0.532
YIL166C	0.531
YIL115W-A	0.531
YAL065C	0.531
YGR051C	0.53
YPL197C	0.53
YMR316C-A	0.53
YOR029W	0.53
YJL064W	0.529
YKL225W	0.528
YOL079W	0.528
YPL056C	0.528
YGR164W	0.527
YEL010W	0.527
YBR203W	0.526
YFR035C	0.526
YIL032C	0.525
YNL203C	0.524
YER046W-A	0.524
YLR012C	0.523
YNL105W	0.523
YGR011W	0.523
YJL120W	0.523
YBR103C-A	0.522
YOL037C	0.522
YNL205C	0.522
YOR235W	0.521
YKR040C	0.521
YDR094W	0.519
YCR050C	0.519
YKL037W	0.517
YNL210W	0.517
YPR192W	0.517
YJR160C	0.517
YNL174W	0.516
YIR020W-A	0.516
YJL052C-A	0.516
YJR157W	0.515
YKL030W	0.515
YIL059C	0.515
YMR151W	0.514
YDR543C	0.514
YHL046C	0.514
YBR174C	0.512
YKR035C	0.51
YGR025W	0.51
YHR153C	0.51
YKR105C	0.508
YFL010W-A	0.507
YDR220C	0.507
YIL100W	0.507
YAL018C	0.507
YLR252W	0.505
YCR097W-A	0.505
YIL013C	0.504
YIL176C	0.504
YIR013C	0.504
YPL035C	0.504
YKR050W	0.504
YFR056C	0.503
YMR304C-A	0.502
YOR008W-B	0.501
YHR130C	0.5
YPR002C-A	0.5
YNL270C	0.5
YPL251W	0.499
YGL042C	0.498
YEL049W	0.496
YPR074W-A	0.495
YCL023C	0.494
YJL067W	0.493
YOR325W	0.493
YDL023C	0.492
YLR461W	0.492
YLR123C	0.492
YIL058W	0.491
YFR012W-A	0.491
YPR012W	0.491
YPL250W-A	0.49
YBR232C	0.49
YIR020C	0.488
YMR086C-A	0.488
YBR209W	0.486
YJL028W	0.485
YBL044W	0.485
Q0275	0.484
YER165C-A	0.484
YLR124W	0.484
YBR186W	0.482
YNL097C-B	0.479
YJL215C	0.477
YAR066W	0.477
YHR214W	0.477
YDR403W	0.476
YBR221W-A	0.475
YAR053W	0.474
YFR009W-A	0.471
YIL086C	0.47
YCL001W-B	0.469
YAR029W	0.468
YLL066W-A	0.467
YDL240C-A	0.466
YGL194C-A	0.466
YDL176W	0.464
YJL150W	0.461
YKR032W	0.461
YDR524C-B	0.459
YGR064W	0.458
YGR039W	0.457
YDR048C	0.457
YGL217C	0.456
YNL338W	0.455
YEL018C-A	0.454
YDR199W	0.454
YDL159W-A	0.453
YAL069W	0.448
YPR096C	0.445
YPR099C	0.441
YAR030C	0.44
YIL102C	0.438
YJL032W	0.436
YNL038W	0.436
YDL245C	0.435
YJR158W	0.435
YIL047C-A	0.435
YNL269W	0.433
YOL166C	0.428
YEL059W	0.427
YGR016W	0.424
YAL064W	0.424
YNL318C	0.424
YAL045C	0.424
YLR342W-A	0.401
YDR406W-A	0.398
YBL112C	0.396
YOR073W-A	0.393
YML116W-A	0.392
YJR150C	0.392
YAL037C-A	0.384
YAL056C-A	0.378
YFR052C-A	0.376
YGR121W-A	0.374
Q0130	0.373
YAL063C	0.369
YBR045C	0.368
YHR071C-A	0.368
YHR182C-A	0.35
YEL023C	0.343
YER130C	0.342
YHR143W	0.34
YBL043W	0.338
YIL020C-A	0.329
YPL038W-A	0.326
YHL002C-A	0.326
YPR195C	0.323
YKL178C	0.323
YNL146C-A	0.322
YLR030W	0.322
YHL048C-A	0.313
YHL009W-A	0.31
YHR032W	0.31
YLR464W	0.31
YGL132W	0.309
YAL063C-A	0.3
YJL221C	0.299
YOR169C	0.29
YBR141W-A	0.286
YMR307C-A	0.284
YKL118W	0.284
YHL009W-B	0.283
YHR070C-A	0.28
YOL026C	0.279
YGR073C	0.277
YIL156W-A	0.274
YMR230W-A	0.264
YOR192C-C	0.26
YFL012W-A	0.241
YPL238C	0.24
YEL075W-A	0.24
YKL096C-B	0.233
YCR024C-B	0.23
YMR100W	0.224
YAL067W-A	0.223
YMR030W-A	0.222
YHL030W-A	0.221
YGL024W	0.22
YJL202C	0.217
YER172C-A	0.215
YBR266C	0.21
YLR154C-H	0.21
YLR156C-A	0.21
YLR157C-C	0.21
YLR159C-A	0.21
YIR039C	0.208
YMR175W-A	0.207
YHL019W-A	0.207
YGR110W	0.205
YEL030C-A	0.203
YGL063W	0.199
YBL100C	0.198
YIR030W-A	0.198
YAL047W-A	0.191
YCL066W	0.191
YBR109W-A	0.189
YDR442W	0.183
YKL083W	0.182
YJL114W	0.162
YLR140W	0.156
YAR019W-A	0.153
YDL158C	0.141
YDR534C	0.139
YKR051W	0.138
Q0065	0.137
YER087C-A	0.135
YMR290W-A	0.135
YLR154W-C	0.13
YIR019C	0.123
YOR203W	0.116
YNL150W	0.111
Q0110	0.111
YPR200C	0.109
YNR003W-A	0.107
YHR137C-A	0.093
YLR157W-E	0.09
YNL171C	0.09
YJL220W	0.09
YGL176C	0.087
YIR040C	0.085
YKL223W	0.085
YLR111W	0.084
YPL200W	0.077
YGR031C-A	0.076
YCL046W	0.075
YIR020C-B	0.074
YEL064C	0.073
YPR121W	0.071
YOR293C-A	0.064
YLR152C	0.063
YAL068C	0.052
YOL132W	0.049
YNL237W	0.048
Q0055	0.047
YJL022W	0.034
YNL277W-A	0.031
YKL111C	0.026
YLR307C-A	0.026
YIL177W-A	0.026
YJL225W-A	0.026
YDR545C-A	0.022
YEL077W-A	0.022
YER190C-B	0.022
YGR296C-B	0.022
YLR466C-A	0.022
YLR467C-A	0.022
YOR396C-A	0.022
YPL283W-B	0.022
YPR204C-A	0.022
YCR089W	0.021
YJL113W	0.017
YHR028W-A	0.016
YGL109W	0.009
Q0070	0.006
YPR142C	0.003
YGR115C	0.002